team,bbref_id,player_name,season,season_id,salary,option_type
ATL,johnsja05,Jalen Johnson,2026-27,2026-2027,30000000,
ATL,johnsja05,Jalen Johnson,2027-28,2027-2028,30000000,
ATL,johnsja05,Jalen Johnson,2028-29,2028-2029,30000000,
ATL,johnsja05,Jalen Johnson,2029-30,2029-2030,30000000,
ATL,daniedy01,Dyson Daniels,2026-27,2026-2027,25000000,
ATL,daniedy01,Dyson Daniels,2027-28,2027-2028,25000000,
ATL,daniedy01,Dyson Daniels,2028-29,2028-2029,25000000,
ATL,daniedy01,Dyson Daniels,2029-30,2029-2030,25000000,
ATL,mccolcj01,CJ McCollum,2026-27,2026-2027,21000000,
ATL,dortlu01,Luguentz Dort,2026-27,2026-2027,18222222,team
ATL,okongon01,Onyeka Okongwu,2026-27,2026-2027,16120000,
ATL,okongon01,Onyeka Okongwu,2027-28,2027-2028,16880000,
ATL,alexani01,Nickeil Alexander-Walker,2026-27,2026-2027,14403710,
ATL,alexani01,Nickeil Alexander-Walker,2027-28,2027-2028,15161800,
ATL,alexani01,Nickeil Alexander-Walker,2028-29,2028-2029,15919890,player
ATL,landajo01,Jock Landale,2026-27,2026-2027,14100000,
ATL,kispeco01,Corey Kispert,2026-27,2026-2027,13975000,
ATL,kispeco01,Corey Kispert,2027-28,2027-2028,13050000,
ATL,kispeco01,Corey Kispert,2028-29,2028-2029,13050000,team
ATL,hieldbu01,Buddy Hield,2026-27,2026-2027,9658536,
ATL,hieldbu01,Buddy Hield,2027-28,2027-2028,10097560,player
ATL,wiggiaa01,Aaron Wiggins,2026-27,2026-2027,9224300,
ATL,wiggiaa01,Aaron Wiggins,2027-28,2027-2028,8345797,
ATL,wiggiaa01,Aaron Wiggins,2028-29,2028-2029,8345797,team
ATL,flemiki01,Kingston Flemings,2026-27,2026-2027,7348680,
ATL,flemiki01,Kingston Flemings,2027-28,2027-2028,7716120,
ATL,flemiki01,Kingston Flemings,2028-29,2028-2029,8083680,team
ATL,flemiki01,Kingston Flemings,2029-30,2029-2030,10282441,team
ATL,ejiofzu01,Zuby Ejiofor,2026-27,2026-2027,3453360,
ATL,ejiofzu01,Zuby Ejiofor,2027-28,2027-2028,3626160,
ATL,ejiofzu01,Zuby Ejiofor,2028-29,2028-2029,3798360,team
ATL,ejiofzu01,Zuby Ejiofor,2029-30,2029-2030,6445818,team
ATL,newelas01,Asa Newell,2026-27,2026-2027,3399480,
ATL,newelas01,Asa Newell,2027-28,2027-2028,3560880,team
ATL,newelas01,Asa Newell,2028-29,2028-2029,6042814,team
ATL,gueyemo02,Mouhamed Gueye,2026-27,2026-2027,2406205,team
ATL,nembhry01,Ryan Nembhard,2026-27,2026-2027,2150917,
ATL,veesahe01,Henri Veesaar,2026-27,2026-2027,1357763,
ATL,veesahe01,Henri Veesaar,2027-28,2027-2028,2294370,
ATL,veesahe01,Henri Veesaar,2028-29,2028-2029,2694363,
ATL,veesahe01,Henri Veesaar,2029-30,2029-2030,2918152,team
ATL,cartede02,Devin Carter,2026-27,2026-2027,5158080,team
BOS,tatumja01,Jayson Tatum,2026-27,2026-2027,58456566,
BOS,tatumja01,Jayson Tatum,2027-28,2027-2028,62786682,
BOS,tatumja01,Jayson Tatum,2028-29,2028-2029,67116798,
BOS,tatumja01,Jayson Tatum,2029-30,2029-2030,71446914,player
BOS,georgpa01,Paul George,2026-27,2026-2027,54126380,
BOS,georgpa01,Paul George,2027-28,2027-2028,56586670,player
BOS,whitede01,Derrick White,2026-27,2026-2027,30348000,
BOS,whitede01,Derrick White,2027-28,2027-2028,32596000,
BOS,whitede01,Derrick White,2028-29,2028-2029,34844000,player
BOS,robinmi01,Mitchell Robinson,2026-27,2026-2027,15044000,
BOS,robinmi01,Mitchell Robinson,2027-28,2027-2028,15796200,
BOS,robinmi01,Mitchell Robinson,2028-29,2028-2029,16548400,
BOS,hausesa01,Sam Hauser,2026-27,2026-2027,10848215,
BOS,hausesa01,Sam Hauser,2027-28,2027-2028,11651785,
BOS,hausesa01,Sam Hauser,2028-29,2028-2029,12455356,
BOS,pritcpa01,Payton Pritchard,2026-27,2026-2027,7767857,
BOS,pritcpa01,Payton Pritchard,2027-28,2027-2028,8303571,
BOS,harpero02,Ron Harper Jr.,2026-27,2026-2027,3150752,
BOS,harpero02,Ron Harper Jr.,2027-28,2027-2028,3308290,
BOS,harpero02,Ron Harper Jr.,2028-29,2028-2029,3465828,
BOS,harpero02,Ron Harper Jr.,2029-30,2029-2030,3779359,team
BOS,cenacch01,Chris Cenac Jr.,2026-27,2026-2027,2988120,
BOS,cenacch01,Chris Cenac Jr.,2027-28,2027-2028,3137640,
BOS,cenacch01,Chris Cenac Jr.,2028-29,2028-2029,3287400,team
BOS,cenacch01,Chris Cenac Jr.,2029-30,2029-2030,5930470,team
BOS,gonzahu01,Hugo González,2026-27,2026-2027,2923560,
BOS,gonzahu01,Hugo González,2027-28,2027-2028,3062640,team
BOS,gonzahu01,Hugo González,2028-29,2028-2029,5528065,team
BOS,garzalu01,Luka Garza,2026-27,2026-2027,2801346,
BOS,scheiba01,Baylor Scheierman,2026-27,2026-2027,2744040,team
BOS,scheiba01,Baylor Scheierman,2027-28,2027-2028,4952993,team
BOS,quetane01,Neemias Queta,2026-27,2026-2027,2667944,team
BOS,quetane01,Neemias Queta,2027-28,2027-2028,12500000,
BOS,quetane01,Neemias Queta,2028-29,2028-2029,13500000,
BOS,quetane01,Neemias Queta,2029-30,2029-2030,14500000,
BOS,quetane01,Neemias Queta,2030-31,2030-2031,15500000,
BOS,conlemi01,Mike Conley,2026-27,2026-2027,2449421,
BOS,cartede02,Devin Carter,2026-27,2026-2027,2449421,
BOS,walshjo01,Jordan Walsh,2026-27,2026-2027,2406205,team
BOS,walshjo01,Jordan Walsh,2027-28,2027-2028,4629630,
BOS,walshjo01,Jordan Walsh,2028-29,2028-2029,5000000,
BOS,walshjo01,Jordan Walsh,2029-30,2029-2030,5370370,
BOS,devritu01,Tucker DeVries,2026-27,2026-2027,1357763,
BOS,uzanmi01,Milos Uzan,2026-27,2026-2027,1357763,
BRK,portemi01,Michael Porter Jr.,2026-27,2026-2027,40806150,
BRK,randlju01,Julius Randle,2026-27,2026-2027,33333334,
BRK,randlju01,Julius Randle,2027-28,2027-2028,35802468,player
BRK,mannte01,Terance Mann,2026-27,2026-2027,15500000,
BRK,mannte01,Terance Mann,2027-28,2027-2028,16000000,
BRK,sharpda01,Day'Ron Sharpe,2026-27,2026-2027,10000000,
BRK,sharpda01,Day'Ron Sharpe,2027-28,2027-2028,10000000,team
BRK,wagnemo01,Moritz Wagner,2026-27,2026-2027,9268293,
BRK,wagnemo01,Moritz Wagner,2027-28,2027-2028,9731707,
BRK,brownmi02,Mikel Brown Jr.,2026-27,2026-2027,8787000,
BRK,brownmi02,Mikel Brown Jr.,2027-28,2027-2028,9226440,
BRK,brownmi02,Mikel Brown Jr.,2028-29,2028-2029,9666000,team
BRK,brownmi02,Mikel Brown Jr.,2029-30,2029-2030,12256488,team
BRK,elliske01,Keon Ellis,2026-27,2026-2027,8780488,
BRK,elliske01,Keon Ellis,2027-28,2027-2028,9219512,
BRK,demineg01,Egor Dëmin,2026-27,2026-2027,7233720,
BRK,demineg01,Egor Dëmin,2027-28,2027-2028,7578240,team
BRK,demineg01,Egor Dëmin,2028-29,2028-2029,9639522,team
BRK,clownno01,Noah Clowney,2026-27,2026-2027,5414034,team
BRK,minotjo01,Josh Minott,2026-27,2026-2027,4500000,
BRK,minotjo01,Josh Minott,2027-28,2027-2028,4500000,team
BRK,traorno01,Nolan Traoré,2026-27,2026-2027,4002000,
BRK,traorno01,Nolan Traoré,2027-28,2027-2028,4193040,team
BRK,traorno01,Nolan Traoré,2028-29,2028-2029,6457282,team
BRK,poweldr01,Drake Powell,2026-27,2026-2027,3540600,
BRK,poweldr01,Drake Powell,2027-28,2027-2028,3709320,team
BRK,poweldr01,Drake Powell,2028-29,2028-2029,6101832,team
BRK,sarafbe01,Ben Saraf,2026-27,2026-2027,3028560,
BRK,sarafbe01,Ben Saraf,2027-28,2027-2028,3172920,team
BRK,sarafbe01,Ben Saraf,2028-29,2028-2029,5720776,team
BRK,jeffejo01,Joshua Jefferson,2026-27,2026-2027,2969520,
BRK,jeffejo01,Joshua Jefferson,2027-28,2027-2028,3118560,
BRK,jeffejo01,Joshua Jefferson,2028-29,2028-2029,3266880,team
BRK,jeffejo01,Joshua Jefferson,2029-30,2029-2030,5896718,team
BRK,wolfda01,Danny Wolf,2026-27,2026-2027,2941440,
BRK,wolfda01,Danny Wolf,2027-28,2027-2028,3081840,team
BRK,wolfda01,Danny Wolf,2028-29,2028-2029,5559640,team
CHO,reidna01,Naz Reid,2026-27,2026-2027,23275862,
CHO,reidna01,Naz Reid,2027-28,2027-2028,25000000,
CHO,reidna01,Naz Reid,2028-29,2028-2029,26724138,
CHO,reidna01,Naz Reid,2029-30,2029-2030,28448276,player
CHO,whiteco01,Coby White,2026-27,2026-2027,22839506,
CHO,whiteco01,Coby White,2027-28,2027-2028,24666667,
CHO,whiteco01,Coby White,2028-29,2028-2029,26493827,
CHO,allengr01,Grayson Allen,2026-27,2026-2027,18125000,
CHO,allengr01,Grayson Allen,2027-28,2027-2028,19375000,player
CHO,millebr02,Brandon Miller,2026-27,2026-2027,15104626,team
CHO,schrode01,Dennis Schröder,2026-27,2026-2027,14809200,
CHO,schrode01,Dennis Schröder,2027-28,2027-2028,15514400,
CHO,willigr01,Grant Williams,2026-27,2026-2027,14265750,
CHO,finnedo01,Dorian Finney-Smith,2026-27,2026-2027,13335000,
CHO,finnedo01,Dorian Finney-Smith,2027-28,2027-2028,13335000,
CHO,finnedo01,Dorian Finney-Smith,2028-29,2028-2029,13335000,player
CHO,onealro01,Royce O'Neale,2026-27,2026-2027,10875000,
CHO,onealro01,Royce O'Neale,2027-28,2027-2028,11625000,
CHO,knuepko01,Kon Knueppel,2026-27,2026-2027,10516560,
CHO,knuepko01,Kon Knueppel,2027-28,2027-2028,11017560,team
CHO,knuepko01,Kon Knueppel,2028-29,2028-2029,13937214,team
CHO,salauti01,Tidjane Salaün,2026-27,2026-2027,8237880,team
CHO,salauti01,Tidjane Salaün,2027-28,2027-2028,10445633,team
CHO,steinha02,Hannes Steinbach,2026-27,2026-2027,5227200,
CHO,steinha02,Hannes Steinbach,2027-28,2027-2028,5488560,
CHO,steinha02,Hannes Steinbach,2028-29,2028-2029,5750160,team
CHO,steinha02,Hannes Steinbach,2029-30,2029-2030,8515987,team
CHO,anderch02,Christian Anderson Jr.,2026-27,2026-2027,4257480,
CHO,anderch02,Christian Anderson Jr.,2027-28,2027-2028,4470000,
CHO,anderch02,Christian Anderson Jr.,2028-29,2028-2029,4683120,team
CHO,anderch02,Christian Anderson Jr.,2029-30,2029-2030,7202639,team
CHO,connapa01,Pat Connaughton,2026-27,2026-2027,3815861,
CHO,mcneeli01,Liam McNeeley,2026-27,2026-2027,2902080,
CHO,mcneeli01,Liam McNeeley,2027-28,2027-2028,3040320,team
CHO,mcneeli01,Liam McNeeley,2028-29,2028-2029,5487778,team
CHO,diabamo01,Moussa Diabaté,2026-27,2026-2027,2461462,
CHO,jamessi01,Sion James,2026-27,2026-2027,2411090,
CHO,jamessi01,Sion James,2027-28,2027-2028,2525901,
CHO,jamessi01,Sion James,2028-29,2028-2029,2735698,team
CHO,kalkbry01,Ryan Kalkbrenner,2026-27,2026-2027,2411090,
CHO,kalkbry01,Ryan Kalkbrenner,2027-28,2027-2028,2525901,
CHO,kalkbry01,Ryan Kalkbrenner,2028-29,2028-2029,2735698,team
CHI,giddejo01,Josh Giddey,2026-27,2026-2027,25000000,
CHI,giddejo01,Josh Giddey,2027-28,2027-2028,25000000,
CHI,giddejo01,Josh Giddey,2028-29,2028-2029,25000000,
CHI,claxtni01,Nic Claxton,2026-27,2026-2027,23147727,
CHI,claxtni01,Nic Claxton,2027-28,2027-2028,20943184,
CHI,powelno01,Norman Powell,2026-27,2026-2027,21500000,
CHI,powelno01,Norman Powell,2027-28,2027-2028,22575000,team
CHI,willipa01,Patrick Williams,2026-27,2026-2027,18000000,
CHI,willipa01,Patrick Williams,2027-28,2027-2028,18000000,
CHI,willipa01,Patrick Williams,2028-29,2028-2029,18000000,player
CHI,okorois01,Isaac Okoro,2026-27,2026-2027,11814814,
CHI,wilsoca01,Caleb Wilson,2026-27,2026-2027,10683720,
CHI,wilsoca01,Caleb Wilson,2027-28,2027-2028,11217960,
CHI,wilsoca01,Caleb Wilson,2028-29,2028-2029,11752320,team
CHI,wilsoca01,Caleb Wilson,2029-30,2029-2030,14866685,team
CHI,smithja04,Jalen Smith,2026-27,2026-2027,9428571,
CHI,colliza01,Zach Collins,2026-27,2026-2027,8292683,
CHI,colliza01,Zach Collins,2027-28,2027-2028,8707317,
CHI,jonestr01,Tre Jones,2026-27,2026-2027,8000000,
CHI,jonestr01,Tre Jones,2027-28,2027-2028,8000000,team
CHI,dilliro01,Rob Dillingham,2026-27,2026-2027,6889320,team
CHI,dilliro01,Rob Dillingham,2027-28,2027-2028,8763216,team
CHI,buzelma01,Matas Buzelis,2026-27,2026-2027,5715360,team
CHI,buzelma01,Matas Buzelis,2027-28,2027-2028,7584283,team
CHI,essenno01,Noa Essengue,2026-27,2026-2027,5701200,
CHI,essenno01,Noa Essengue,2027-28,2027-2028,5972760,team
CHI,essenno01,Noa Essengue,2028-29,2028-2029,8230464,team
CHI,swainda01,Dailyn Swain,2026-27,2026-2027,4965480,
CHI,swainda01,Dailyn Swain,2027-28,2027-2028,5213760,
CHI,swainda01,Dailyn Swain,2028-29,2028-2029,5461920,team
CHI,swainda01,Dailyn Swain,2029-30,2029-2030,8373124,team
CHI,millele01,Leonard Miller,2026-27,2026-2027,2406205,team
CLE,mitchdo01,Donovan Mitchell,2026-27,2026-2027,50105628,
CLE,mitchdo01,Donovan Mitchell,2027-28,2027-2028,60911900,
CLE,mitchdo01,Donovan Mitchell,2028-29,2028-2029,65784852,
CLE,mitchdo01,Donovan Mitchell,2029-30,2029-2030,70657804,
CLE,mitchdo01,Donovan Mitchell,2030-31,2030-2031,75530756,player
CLE,mobleev01,Evan Mobley,2026-27,2026-2027,50105628,
CLE,mobleev01,Evan Mobley,2027-28,2027-2028,53817156,
CLE,mobleev01,Evan Mobley,2028-29,2028-2029,57528684,
CLE,mobleev01,Evan Mobley,2029-30,2029-2030,61240212,
CLE,hardeja01,James Harden,2026-27,2026-2027,30647619,
CLE,hardeja01,James Harden,2027-28,2027-2028,32180000,
CLE,hardeja01,James Harden,2028-29,2028-2029,33712381,player
CLE,allenja01,Jarrett Allen,2026-27,2026-2027,28000000,
CLE,allenja01,Jarrett Allen,2027-28,2027-2028,30240000,
CLE,allenja01,Jarrett Allen,2028-29,2028-2029,32480000,
CLE,watsope01,Peyton Watson,2026-27,2026-2027,20465116,
CLE,watsope01,Peyton Watson,2027-28,2027-2028,21488372,
CLE,watsope01,Peyton Watson,2028-29,2028-2029,22511628,
CLE,watsope01,Peyton Watson,2029-30,2029-2030,23534884,player
CLE,merrisa01,Sam Merrill,2026-27,2026-2027,9160715,
CLE,merrisa01,Sam Merrill,2027-28,2027-2028,9839285,
CLE,merrisa01,Sam Merrill,2028-29,2028-2029,10517856,
CLE,tysonja01,Jaylon Tyson,2026-27,2026-2027,3658560,team
CLE,tysonja01,Jaylon Tyson,2027-28,2027-2028,5641500,team
CLE,bryanth01,Thomas Bryant,2026-27,2026-2027,2449421,
CLE,hezonma01,Mario Hezonja,2026-27,2026-2027,2449421,
CLE,tomlina01,Nae'Qwan Tomlin,2026-27,2026-2027,2411090,
CLE,portecr01,Craig Porter Jr.,2026-27,2026-2027,2406205,team
CLE,proctty01,Tyrese Proctor,2026-27,2026-2027,2150917,
CLE,proctty01,Tyrese Proctor,2027-28,2027-2028,2525901,
CLE,proctty01,Tyrese Proctor,2028-29,2028-2029,2735698,team
CLE,thomame01,Meleek Thomas,2026-27,2026-2027,1357763,
CLE,thomame01,Meleek Thomas,2027-28,2027-2028,2294370,
CLE,thomame01,Meleek Thomas,2028-29,2028-2029,2694363,
CLE,thomame01,Meleek Thomas,2029-30,2029-2030,2918152,team
CLE,diopkh01,Khalifa Diop,2026-27,2026-2027,1357763,
CLE,diopkh01,Khalifa Diop,2027-28,2027-2028,2294370,
CLE,diopkh01,Khalifa Diop,2028-29,2028-2029,2694363,
CLE,diopkh01,Khalifa Diop,2029-30,2029-2030,2918152,team
CLE,whitmca01,Cam Whitmore,2026-27,2026-2027,1819437,team
CLE,whitmca01,Cam Whitmore,2027-28,2027-2028,1819437,team
CLE,whitmca01,Cam Whitmore,2028-29,2028-2029,1819437,team
CLE,rubiori01,Ricky Rubio,2026-27,2026-2027,424672,
DAL,irvinky01,Kyrie Irving,2026-27,2026-2027,39491282,
DAL,irvinky01,Kyrie Irving,2027-28,2027-2028,42416562,player
DAL,washipj01,P.J. Washington,2026-27,2026-2027,19813044,
DAL,washipj01,P.J. Washington,2027-28,2027-2028,21398088,
DAL,washipj01,P.J. Washington,2028-29,2028-2029,22983132,
DAL,washipj01,P.J. Washington,2029-30,2029-2030,24568176,
DAL,gaffoda01,Daniel Gafford,2026-27,2026-2027,17263584,
DAL,gaffoda01,Daniel Gafford,2027-28,2027-2028,18126763,
DAL,gaffoda01,Daniel Gafford,2028-29,2028-2029,18989942,
DAL,aldamsa01,Santi Aldama,2026-27,2026-2027,17007043,
DAL,aldamsa01,Santi Aldama,2027-28,2027-2028,17007043,team
DAL,flaggco01,Cooper Flagg,2026-27,2026-2027,14517480,
DAL,flaggco01,Cooper Flagg,2027-28,2027-2028,15208680,team
DAL,flaggco01,Cooper Flagg,2028-29,2028-2029,19178146,team
DAL,risacza01,Zaccharie Risacher,2026-27,2026-2027,13826040,team
DAL,risacza01,Zaccharie Risacher,2027-28,2027-2028,17434637,team
DAL,martica02,Caleb Martin,2026-27,2026-2027,10001493,
DAL,martica02,Caleb Martin,2027-28,2027-2028,9371351,player
DAL,marshna01,Naji Marshall,2026-27,2026-2027,9428571,
DAL,marshna01,Naji Marshall,2027-28,2027-2028,18195600,
DAL,marshna01,Naji Marshall,2028-29,2028-2029,17285820,
DAL,marshna01,Naji Marshall,2029-30,2029-2030,16376040,
DAL,chrisma02,Max Christie,2026-27,2026-2027,8285714,
DAL,chrisma02,Max Christie,2027-28,2027-2028,8857143,player
DAL,livelde01,Dereck Lively II,2026-27,2026-2027,7239131,team
DAL,johnsmo01,Morez Johnson Jr.,2026-27,2026-2027,6754800,
DAL,johnsmo01,Morez Johnson Jr.,2027-28,2027-2028,7093080,
DAL,johnsmo01,Morez Johnson Jr.,2028-29,2028-2029,7430640,team
DAL,johnsmo01,Morez Johnson Jr.,2029-30,2029-2030,9466636,team
DAL,sassema01,Marcus Sasser,2026-27,2026-2027,5198983,team
DAL,delarse01,Sergio de Larrea,2026-27,2026-2027,3182280,
DAL,delarse01,Sergio de Larrea,2027-28,2027-2028,3341280,
DAL,delarse01,Sergio de Larrea,2028-29,2028-2029,3500880,team
DAL,delarse01,Sergio de Larrea,2029-30,2029-2030,6305086,team
DAL,biberta01,Tarik Biberovic,2026-27,2026-2027,3000000,
DAL,biberta01,Tarik Biberovic,2027-28,2027-2028,3000000,team
DAL,cissemo01,Moussa Cisse,2026-27,2026-2027,2185116,
DAL,cissemo01,Moussa Cisse,2027-28,2027-2028,2571895,
DAL,thompkl01,Klay Thompson,2026-27,2026-2027,17460317,
DAL,mcgeeja01,JaVale McGee,2026-27,2026-2027,2208856,
DAL,mcgeeja01,JaVale McGee,2027-28,2027-2028,2208856,
DAL,prospol01,Olivier-Maxence Prosper,2026-27,2026-2027,1002360,team
DAL,prospol01,Olivier-Maxence Prosper,2027-28,2027-2028,1002360,team
DEN,jokicni01,Nikola Jokić,2026-27,2026-2027,59033114,
DEN,jokicni01,Nikola Jokić,2027-28,2027-2028,62841702,player
DEN,murraja01,Jamal Murray,2026-27,2026-2027,50105628,
DEN,murraja01,Jamal Murray,2027-28,2027-2028,53817156,
DEN,murraja01,Jamal Murray,2028-29,2028-2029,57528684,
DEN,gordoaa01,Aaron Gordon,2026-27,2026-2027,33658037,
DEN,gordoaa01,Aaron Gordon,2027-28,2027-2028,36350680,
DEN,gordoaa01,Aaron Gordon,2028-29,2028-2029,39043323,player
DEN,johnsca02,Cameron Johnson,2026-27,2026-2027,23062500,
DEN,braunch01,Christian Braun,2026-27,2026-2027,21551726,
DEN,braunch01,Christian Braun,2027-28,2027-2028,23275863,
DEN,braunch01,Christian Braun,2028-29,2028-2029,25000000,
DEN,braunch01,Christian Braun,2029-30,2029-2030,26724137,
DEN,braunch01,Christian Braun,2030-31,2030-2031,28448274,
DEN,nnajize01,Zeke Nnaji,2026-27,2026-2027,7466667,
DEN,nnajize01,Zeke Nnaji,2027-28,2027-2028,7466667,player
DEN,jonessp01,Spencer Jones,2026-27,2026-2027,6000000,
DEN,jonessp01,Spencer Jones,2027-28,2027-2028,5750000,
DEN,strawju01,Julian Strawther,2026-27,2026-2027,4826931,team
DEN,holmeda01,DaRon Holmes,2026-27,2026-2027,3372120,team
DEN,holmeda01,DaRon Holmes,2027-28,2027-2028,5547138,team
DEN,walkelo01,Lonnie Walker IV,2026-27,2026-2027,3286399,
DEN,baglema01,Marvin Bagley III,2026-27,2026-2027,2449421,
DEN,derozde01,DeMar DeRozan,2026-27,2026-2027,2449421,
DEN,jonesty01,Tyus Jones,2026-27,2026-2027,2449421,
DEN,brazitr01,Trevon Brazile,2026-27,2026-2027,1357763,
DET,cunnica01,Cade Cunningham,2026-27,2026-2027,50105628,
DET,cunnica01,Cade Cunningham,2027-28,2027-2028,53817156,
DET,cunnica01,Cade Cunningham,2028-29,2028-2029,57528684,
DET,cunnica01,Cade Cunningham,2029-30,2029-2030,61240212,
DET,collijo01,John Collins,2026-27,2026-2027,17000000,
DET,collijo01,John Collins,2027-28,2027-2028,17000000,
DET,collijo01,John Collins,2028-29,2028-2029,17000000,
DET,robindu01,Duncan Robinson,2026-27,2026-2027,15992957,
DET,robindu01,Duncan Robinson,2027-28,2027-2028,15151222,
DET,joeis01,Isaiah Joe,2026-27,2026-2027,11323006,
DET,joeis01,Isaiah Joe,2027-28,2027-2028,11323006,team
DET,thompau01,Ausar Thompson,2026-27,2026-2027,11117925,team
DET,hollaro01,Ron Holland,2026-27,2026-2027,9069600,team
DET,hollaro01,Ron Holland,2027-28,2027-2028,11491183,team
DET,huertke01,Kevin Huerter,2026-27,2026-2027,8333333,
DET,huertke01,Kevin Huerter,2027-28,2027-2028,9000000,
DET,huertke01,Kevin Huerter,2028-29,2028-2029,9666667,
DET,reedpa01,Paul Reed,2026-27,2026-2027,5602689,
DET,okorieb01,Ebuka Okorie,2026-27,2026-2027,4481280,
DET,okorieb01,Ebuka Okorie,2027-28,2027-2028,4705440,
DET,okorieb01,Ebuka Okorie,2028-29,2028-2029,4929360,team
DET,okorieb01,Ebuka Okorie,2029-30,2029-2030,7571497,team
DET,jenkida01,Daniss Jenkins,2026-27,2026-2027,4000000,team
DET,greenja02,Javonte Green,2026-27,2026-2027,3943679,
DET,harriga01,Gary Harris,2026-27,2026-2027,3815861,player
DET,princta02,Taurean Prince,2026-27,2026-2027,3815861,player
DET,smithto05,Tolu Smith,2026-27,2026-2027,2411090,
DET,laniech01,Chaz Lanier,2026-27,2026-2027,2150917,
DET,laniech01,Chaz Lanier,2027-28,2027-2028,2525901,
DET,laniech01,Chaz Lanier,2028-29,2028-2029,2735698,team
GSW,curryst01,Stephen Curry,2026-27,2026-2027,62587158,
GSW,butleji01,Jimmy Butler,2026-27,2026-2027,56832773,
GSW,greendr01,Draymond Green,2026-27,2026-2027,27678571,
GSW,porzikr01,Kristaps Porziņģis,2026-27,2026-2027,19512195,
GSW,porzikr01,Kristaps Porziņģis,2027-28,2027-2028,20487805,player
GSW,moodymo01,Moses Moody,2026-27,2026-2027,12500000,
GSW,moodymo01,Moses Moody,2027-28,2027-2028,13425925,
GSW,horfoal01,Al Horford,2026-27,2026-2027,6822000,
GSW,horfoal01,Al Horford,2027-28,2027-2028,7163100,
GSW,lendeya01,Yaxel Lendeborg,2026-27,2026-2027,6096240,
GSW,lendeya01,Yaxel Lendeborg,2027-28,2027-2028,6401280,
GSW,lendeya01,Yaxel Lendeborg,2028-29,2028-2029,6706200,team
GSW,lendeya01,Yaxel Lendeborg,2029-30,2029-2030,8899128,team
GSW,podzibr01,Brandin Podziemski,2026-27,2026-2027,5679459,team
GSW,meltode01,De'Anthony Melton,2026-27,2026-2027,5477000,
GSW,meltode01,De'Anthony Melton,2027-28,2027-2028,5750850,player
GSW,santogu01,Gui Santos,2026-27,2026-2027,4629630,
GSW,santogu01,Gui Santos,2027-28,2027-2028,5000000,
GSW,santogu01,Gui Santos,2028-29,2028-2029,5370370,player
GSW,willibr03,Brandon Williams,2026-27,2026-2027,2449421,
GSW,paytoga02,Gary Payton II,2026-27,2026-2027,2449421,
GSW,niangge01,Georges Niang,2026-27,2026-2027,2449421,
GSW,bassech01,Charles Bassey,2026-27,2026-2027,2449421,
GSW,tooheal01,Alex Toohey,2026-27,2026-2027,2185116,
GSW,richawi02,Will Richard,2026-27,2026-2027,2150917,
GSW,richawi02,Will Richard,2027-28,2027-2028,2525901,
GSW,richawi02,Will Richard,2028-29,2028-2029,2735698,team
GSW,boydni01,Nick Boyd,2026-27,2026-2027,1357763,
GSW,terryda01,Dalen Terry,2026-27,2026-2027,1357763,
GSW,agbimob01,Obi Agbim,2026-27,2026-2027,1357763,
HOU,duranke01,Kevin Durant,2026-27,2026-2027,43902439,
HOU,duranke01,Kevin Durant,2027-28,2027-2028,46097561,player
HOU,sengual01,Alperen Şengün,2026-27,2026-2027,35642202,
HOU,sengual01,Alperen Şengün,2027-28,2027-2028,37339450,
HOU,sengual01,Alperen Şengün,2028-29,2028-2029,39036697,
HOU,sengual01,Alperen Şengün,2029-30,2029-2030,39036697,player
HOU,vanvlfr01,Fred VanVleet,2026-27,2026-2027,25000000,player
HOU,smithja05,Jabari Smith Jr.,2026-27,2026-2027,23643411,
HOU,smithja05,Jabari Smith Jr.,2027-28,2027-2028,21751940,
HOU,smithja05,Jabari Smith Jr.,2028-29,2028-2029,23643411,
HOU,smithja05,Jabari Smith Jr.,2029-30,2029-2030,25534883,
HOU,smithja05,Jabari Smith Jr.,2030-31,2030-2031,27426355,
HOU,easonta01,Tari Eason,2026-27,2026-2027,14051724,
HOU,easonta01,Tari Eason,2027-28,2027-2028,15175862,
HOU,easonta01,Tari Eason,2028-29,2028-2029,16300000,
HOU,easonta01,Tari Eason,2029-30,2029-2030,17424138,
HOU,easonta01,Tari Eason,2030-31,2030-2031,18548276,player
HOU,adamsst01,Steven Adams,2026-27,2026-2027,13000000,
HOU,adamsst01,Steven Adams,2027-28,2027-2028,11869566,
HOU,thompam01,Amen Thompson,2026-27,2026-2027,12258609,team
HOU,thompam01,Amen Thompson,2027-28,2027-2028,35862069,
HOU,thompam01,Amen Thompson,2028-29,2028-2029,38731034,
HOU,thompam01,Amen Thompson,2029-30,2029-2030,41600000,
HOU,thompam01,Amen Thompson,2030-31,2030-2031,44468966,
HOU,thompam01,Amen Thompson,2031-32,2031-2032,47337931,
HOU,sheppre01,Reed Sheppard,2026-27,2026-2027,11108880,team
HOU,sheppre01,Reed Sheppard,2027-28,2027-2028,14041625,team
HOU,capelca01,Clint Capela,2026-27,2026-2027,7035000,
HOU,capelca01,Clint Capela,2027-28,2027-2028,7370000,
HOU,smartma01,Marcus Smart,2026-27,2026-2027,6064000,
HOU,smartma01,Marcus Smart,2027-28,2027-2028,6367200,player
HOU,phillju01,Julian Phillips,2026-27,2026-2027,2537526,
HOU,tshieos01,Oscar Tshiebwe,2026-27,2026-2027,2537526,
HOU,crawfis01,Isaiah Crawford,2026-27,2026-2027,2449421,
HOU,crawfis01,Isaiah Crawford,2027-28,2027-2028,2664401,
HOU,tateja01,Jae'Sean Tate,2026-27,2026-2027,2449421,
HOU,bogdabo01,Bogdan Bogdanović,2026-27,2026-2027,2449421,
HOU,thornbr01,Bruce Thornton,2026-27,2026-2027,1357763,
HOU,thornbr01,Bruce Thornton,2027-28,2027-2028,2294370,
HOU,thornbr01,Bruce Thornton,2028-29,2028-2029,2694363,
HOU,thornbr01,Bruce Thornton,2029-30,2029-2030,2918152,team
IND,halibty01,Tyrese Haliburton,2026-27,2026-2027,48924624,
IND,halibty01,Tyrese Haliburton,2027-28,2027-2028,52298736,
IND,halibty01,Tyrese Haliburton,2028-29,2028-2029,55672848,
IND,siakapa01,Pascal Siakam,2026-27,2026-2027,48924624,
IND,siakapa01,Pascal Siakam,2027-28,2027-2028,52298736,
IND,zubaciv01,Ivica Zubac,2026-27,2026-2027,20342140,
IND,zubaciv01,Ivica Zubac,2027-28,2027-2028,21790300,
IND,nembhan01,Andrew Nembhard,2026-27,2026-2027,19550160,
IND,nembhan01,Andrew Nembhard,2027-28,2027-2028,20998320,
IND,toppiob01,Obi Toppin,2026-27,2026-2027,15000000,
IND,toppiob01,Obi Toppin,2027-28,2027-2028,16025000,
IND,mccontj01,T.J. McConnell,2026-27,2026-2027,11000000,
IND,mccontj01,T.J. McConnell,2027-28,2027-2028,11800000,
IND,mccontj01,T.J. McConnell,2028-29,2028-2029,11800000,team
IND,nesmiaa01,Aaron Nesmith,2026-27,2026-2027,11000000,
IND,nesmiaa01,Aaron Nesmith,2027-28,2027-2028,19418000,
IND,nesmiaa01,Aaron Nesmith,2028-29,2028-2029,20971440,
IND,walkeja02,Jarace Walker,2026-27,2026-2027,8478542,team
IND,oubreke01,Kelly Oubre Jr.,2026-27,2026-2027,8050000,
IND,oubreke01,Kelly Oubre Jr.,2027-28,2027-2028,8450000,
IND,sheppbe01,Ben Sheppard,2026-27,2026-2027,5031669,team
IND,huffja01,Jay Huff,2026-27,2026-2027,2667944,
IND,huffja01,Jay Huff,2027-28,2027-2028,3005085,
IND,nancela02,Larry Nance Jr.,2026-27,2026-2027,2449421,
IND,furphjo01,Johnny Furphy,2026-27,2026-2027,2296271,
IND,furphjo01,Johnny Furphy,2027-28,2027-2028,2486995,team
IND,keitake01,Keba Keita,2026-27,2026-2027,1357763,
IND,mastri01,Rienk Mast,2026-27,2026-2027,1357763,
LAC,garlada01,Darius Garland,2026-27,2026-2027,42166510,
LAC,garlada01,Darius Garland,2027-28,2027-2028,44886930,
LAC,ingrabr01,Brandon Ingram,2026-27,2026-2027,40000000,
LAC,ingrabr01,Brandon Ingram,2027-28,2027-2028,41904762,player
LAC,strusma01,Max Strus,2026-27,2026-2027,16660836,
LAC,hachiru01,Rui Hachimura,2026-27,2026-2027,14000000,
LAC,hachiru01,Rui Hachimura,2027-28,2027-2028,14000000,team
LAC,jonesde02,Derrick Jones Jr.,2026-27,2026-2027,10476190,
LAC,wagleke01,Keaton Wagler,2026-27,2026-2027,9674760,
LAC,wagleke01,Keaton Wagler,2027-28,2027-2028,10158240,
LAC,wagleke01,Keaton Wagler,2028-29,2028-2029,10641960,team
LAC,wagleke01,Keaton Wagler,2029-30,2029-2030,13483364,team
LAC,lopezbr01,Brook Lopez,2026-27,2026-2027,9187500,team
LAC,dickgr01,Gradey Dick,2026-27,2026-2027,7131511,team
LAC,jacksis01,Isaiah Jackson,2026-27,2026-2027,7000000,
LAC,jacksis01,Isaiah Jackson,2027-28,2027-2028,6400000,
LAC,bealbr01,Bradley Beal,2026-27,2026-2027,6424800,
LAC,bealbr01,Bradley Beal,2027-28,2027-2028,6746040,player
LAC,batumni01,Nicolas Batum,2026-27,2026-2027,5881680,team
LAC,dunnkr01,Kris Dunn,2026-27,2026-2027,5684800,
LAC,millejo02,Jordan Miller,2026-27,2026-2027,5300000,
LAC,millejo02,Jordan Miller,2027-28,2027-2028,5000000,
LAC,millejo02,Jordan Miller,2028-29,2028-2029,5000000,team
LAC,konanya01,Yanic Konan Niederhäuser,2026-27,2026-2027,2880960,
LAC,konanya01,Yanic Konan Niederhäuser,2027-28,2027-2028,3018480,team
LAC,konanya01,Yanic Konan Niederhäuser,2028-29,2028-2029,5448356,team
LAC,sandeko01,Kobe Sanders,2026-27,2026-2027,2622139,
LAC,sandeko01,Kobe Sanders,2027-28,2027-2028,2753246,
LAC,sandeko01,Kobe Sanders,2028-29,2028-2029,2884353,
LAC,sandeko01,Kobe Sanders,2029-30,2029-2030,3019474,team
LAC,kawamyu01,Yuki Kawamura,2026-27,2026-2027,2449421,
LAC,chrisca02,Cam Christie,2026-27,2026-2027,2296271,
LAC,chrisca02,Cam Christie,2027-28,2027-2028,2486995,team
LAC,broomjo01,Johni Broome,2026-27,2026-2027,2150917,
LAC,broomjo01,Johni Broome,2027-28,2027-2028,2525901,
LAC,broomjo01,Johni Broome,2028-29,2028-2029,2735698,team
LAC,milleba01,Baba Miller,2026-27,2026-2027,1705630,
LAC,milleba01,Baba Miller,2027-28,2027-2028,2294370,
LAC,milleba01,Baba Miller,2028-29,2028-2029,2694363,
LAC,milleba01,Baba Miller,2029-30,2029-2030,2918152,team
LAL,doncilu01,Luka Dončić,2026-27,2026-2027,49800000,
LAL,doncilu01,Luka Dončić,2027-28,2027-2028,53784000,
LAL,doncilu01,Luka Dončić,2028-29,2028-2029,57768000,player
LAL,reaveau01,Austin Reaves,2026-27,2026-2027,41240250,
LAL,reaveau01,Austin Reaves,2027-28,2027-2028,44539470,
LAL,reaveau01,Austin Reaves,2028-29,2028-2029,47838690,
LAL,reaveau01,Austin Reaves,2029-30,2029-2030,51137910,player
LAL,kesslwa01,Walker Kessler,2026-27,2026-2027,30232558,
LAL,kesslwa01,Walker Kessler,2027-28,2027-2028,31744186,
LAL,kesslwa01,Walker Kessler,2028-29,2028-2029,33255814,
LAL,kesslwa01,Walker Kessler,2029-30,2029-2030,34767442,player
LAL,grimequ01,Quentin Grimes,2026-27,2026-2027,13953489,
LAL,grimequ01,Quentin Grimes,2027-28,2027-2028,14651163,
LAL,grimequ01,Quentin Grimes,2028-29,2028-2029,15348837,
LAL,grimequ01,Quentin Grimes,2029-30,2029-2030,16046511,player
LAL,mamuksa01,Sandro Mamukelashvili,2026-27,2026-2027,13000000,
LAL,mamuksa01,Sandro Mamukelashvili,2027-28,2027-2028,12350000,
LAL,mamuksa01,Sandro Mamukelashvili,2028-29,2028-2029,13000000,
LAL,mamuksa01,Sandro Mamukelashvili,2029-30,2029-2030,13650000,player
LAL,vandeja01,Jarred Vanderbilt,2026-27,2026-2027,12428571,
LAL,vandeja01,Jarred Vanderbilt,2027-28,2027-2028,13285714,player
LAL,sextoco01,Collin Sexton,2026-27,2026-2027,9366000,
LAL,sextoco01,Collin Sexton,2027-28,2027-2028,9834300,
LAL,laravja01,Jake LaRavia,2026-27,2026-2027,6000000,
LAL,hardyja02,Jaden Hardy,2026-27,2026-2027,6000000,
LAL,hardyja02,Jaden Hardy,2027-28,2027-2028,6000000,team
LAL,knechda01,Dalton Knecht,2026-27,2026-2027,4201080,team
LAL,knechda01,Dalton Knecht,2027-28,2027-2028,6452860,team
LAL,carrca01,Cameron Carr,2026-27,2026-2027,3315360,
LAL,carrca01,Cameron Carr,2027-28,2027-2028,3481080,
LAL,carrca01,Cameron Carr,2028-29,2028-2029,3646800,team
LAL,carrca01,Cameron Carr,2029-30,2029-2030,6378253,team
LAL,willizi02,Ziaire Williams,2026-27,2026-2027,2449421,
LAL,looneke01,Kevon Looney,2026-27,2026-2027,2449421,
LAL,thybuma01,Matisse Thybulle,2026-27,2026-2027,2449421,
LAL,jamesbr02,Bronny James,2026-27,2026-2027,2296271,
LAL,jamesbr02,Bronny James,2027-28,2027-2028,2486995,team
LAL,thierad01,Adou Thiero,2026-27,2026-2027,2150917,
LAL,thierad01,Adou Thiero,2027-28,2027-2028,2525901,team
LAL,johnsme02,Meechie Johnson,2026-27,2026-2027,1357763,
LAL,rossch01,Chase Ross,2026-27,2026-2027,1357763,
MEM,grantje01,Jerami Grant,2026-27,2026-2027,34206898,
MEM,grantje01,Jerami Grant,2027-28,2027-2028,36413790,player
MEM,stewais01,Isaiah Stewart,2026-27,2026-2027,15000000,
MEM,stewais01,Isaiah Stewart,2027-28,2027-2028,15000000,team
MEM,boozeca02,Cameron Boozer,2026-27,2026-2027,11849760,
MEM,boozeca02,Cameron Boozer,2027-28,2027-2028,12441840,
MEM,boozeca02,Cameron Boozer,2028-29,2028-2029,13034880,team
MEM,boozeca02,Cameron Boozer,2029-30,2029-2030,16476089,team
MEM,jeromty01,Ty Jerome,2026-27,2026-2027,9220050,
MEM,jeromty01,Ty Jerome,2027-28,2027-2028,9659100,player
MEM,postqu01,Quinten Post,2026-27,2026-2027,8285714,
MEM,postqu01,Quinten Post,2027-28,2027-2028,8700000,
MEM,postqu01,Quinten Post,2028-29,2028-2029,9114286,
MEM,hendrta01,Taylor Hendricks,2026-27,2026-2027,7805900,team
MEM,hawkijo01,Jordan Hawkins,2026-27,2026-2027,7021895,team
MEM,edeyza01,Zach Edey,2026-27,2026-2027,6332760,team
MEM,edeyza01,Zach Edey,2027-28,2027-2028,8067937,team
MEM,cowarce01,Cedric Coward,2026-27,2026-2027,6001080,
MEM,cowarce01,Cedric Coward,2027-28,2027-2028,6286920,team
MEM,cowarce01,Cedric Coward,2028-29,2028-2029,8342743,team
MEM,russeda01,D'Angelo Russell,2026-27,2026-2027,5969250,player
MEM,murrakr01,Kris Murray,2026-27,2026-2027,5315004,team
MEM,claytwa01,Walter Clayton,2026-27,2026-2027,4190520,
MEM,claytwa01,Walter Clayton,2027-28,2027-2028,4390320,team
MEM,claytwa01,Walter Clayton,2028-29,2028-2029,6752312,team
MEM,lopezka01,Karim López,2026-27,2026-2027,3746760,
MEM,lopezka01,Karim López,2027-28,2027-2028,3934320,
MEM,lopezka01,Karim López,2028-29,2028-2029,4121760,team
MEM,lopezka01,Karim López,2029-30,2029-2030,6565964,team
MEM,prospol01,Olivier-Maxence Prosper,2026-27,2026-2027,2497812,
MEM,pippesc02,Scotty Pippen Jr.,2026-27,2026-2027,2461462,
MEM,pippesc02,Scotty Pippen Jr.,2027-28,2027-2028,2789215,
MEM,spencca01,Cam Spencer,2026-27,2026-2027,2411090,
MEM,spencca01,Cam Spencer,2027-28,2027-2028,2616754,
MEM,spencca01,Cam Spencer,2028-29,2028-2029,2830685,team
MEM,jacksgg01,GG Jackson II,2026-27,2026-2027,2406205,team
MEM,wellsja01,Jaylen Wells,2026-27,2026-2027,2296271,
MEM,wellsja01,Jaylen Wells,2027-28,2027-2028,2486995,team
MEM,peavymi01,Micah Peavy,2026-27,2026-2027,2150917,
MEM,peavymi01,Micah Peavy,2027-28,2027-2028,2525901,
MEM,peavymi01,Micah Peavy,2028-29,2028-2029,2735698,team
MEM,caldwke01,Kentavious Caldwell-Pope,2026-27,2026-2027,17744971,player
MEM,anthoco01,Cole Anthony,2026-27,2026-2027,3700000,
MEM,anthoco01,Cole Anthony,2027-28,2027-2028,3700000,
MEM,diakima01,Mamadi Diakite,2026-27,2026-2027,464050,
MIA,antetgi01,Giannis Antetokounmpo,2026-27,2026-2027,58456566,
MIA,antetgi01,Giannis Antetokounmpo,2027-28,2027-2028,62786682,player
MIA,adebaba01,Bam Adebayo,2026-27,2026-2027,49800000,
MIA,adebaba01,Bam Adebayo,2027-28,2027-2028,53784000,
MIA,adebaba01,Bam Adebayo,2028-29,2028-2029,57768000,player
MIA,wiggian01,Andrew Wiggins,2026-27,2026-2027,30169644,player
MIA,wiggian01,Andrew Wiggins,2027-28,2027-2028,16346154,
MIA,wiggian01,Andrew Wiggins,2028-29,2028-2029,17653846,player
MIA,jovicni01,Nikola Jović,2026-27,2026-2027,16200000,
MIA,jovicni01,Nikola Jović,2027-28,2027-2028,14904000,
MIA,jovicni01,Nikola Jović,2028-29,2028-2029,15096000,
MIA,jovicni01,Nikola Jović,2029-30,2029-2030,16200000,
MIA,portibo01,Bobby Portis,2026-27,2026-2027,14521414,
MIA,portibo01,Bobby Portis,2027-28,2027-2028,15597074,player
MIA,mitchda01,Davion Mitchell,2026-27,2026-2027,12400000,
MIA,hardati02,Tim Hardaway Jr.,2026-27,2026-2027,6500000,
MIA,thompkl01,Klay Thompson,2026-27,2026-2027,5600000,
MIA,thompkl01,Klay Thompson,2027-28,2027-2028,5880000,player
MIA,smithdr01,Dru Smith,2026-27,2026-2027,2584539,
MIA,smithdr01,Dru Smith,2027-28,2027-2028,2934742,team
MIA,fontesi01,Simone Fontecchio,2026-27,2026-2027,2449421,
MIA,richani01,Nick Richards,2026-27,2026-2027,2449421,
MIA,larsspe01,Pelle Larsson,2026-27,2026-2027,2296271,team
MIA,gardnmy01,Myron Gardner,2026-27,2026-2027,2150917,
MIA,gardnmy01,Myron Gardner,2027-28,2027-2028,2525901,
MIA,conwery01,Ryan Conwell,2026-27,2026-2027,1357763,
MIA,conwery01,Ryan Conwell,2027-28,2027-2028,2294370,
MIA,conwery01,Ryan Conwell,2028-29,2028-2029,2694363,team
MIA,hadlejv01,J'Vonne Hadley,2026-27,2026-2027,1357763,
MIL,herroty01,Tyler Herro,2026-27,2026-2027,33000000,
MIL,turnemy01,Myles Turner,2026-27,2026-2027,26584164,
MIL,turnemy01,Myles Turner,2027-28,2027-2028,27850077,
MIL,turnemy01,Myles Turner,2028-29,2028-2029,29115990,player
MIL,kuzmaky01,Kyle Kuzma,2026-27,2026-2027,20345152,
MIL,trentga02,Gary Trent Jr.,2026-27,2026-2027,15200000,
MIL,trentga02,Gary Trent Jr.,2027-28,2027-2028,16400000,
MIL,trentga02,Gary Trent Jr.,2028-29,2028-2029,16400000,
MIL,trentga02,Gary Trent Jr.,2029-30,2029-2030,16000000,
MIL,leverca01,Caris LeVert,2026-27,2026-2027,14809200,
MIL,greenaj01,A.J. Green,2026-27,2026-2027,10044644,
MIL,greenaj01,A.J. Green,2027-28,2027-2028,10848215,
MIL,greenaj01,A.J. Green,2028-29,2028-2029,11651786,
MIL,greenaj01,A.J. Green,2029-30,2029-2030,12455355,
MIL,burribr01,Brayden Burries,2026-27,2026-2027,6417360,
MIL,burribr01,Brayden Burries,2027-28,2027-2028,6738000,
MIL,burribr01,Brayden Burries,2028-29,2028-2029,7058520,team
MIL,burribr01,Brayden Burries,2029-30,2029-2030,8999614,team
MIL,jaqueja01,Jaime Jaquez Jr.,2026-27,2026-2027,5939141,team
MIL,diengou01,Ousmane Dieng,2026-27,2026-2027,5750000,
MIL,diengou01,Ousmane Dieng,2027-28,2027-2028,5750000,
MIL,diengou01,Ousmane Dieng,2028-29,2028-2029,5750000,team
MIL,amentna01,Nate Ament,2026-27,2026-2027,5502000,
MIL,amentna01,Nate Ament,2027-28,2027-2028,5777280,
MIL,amentna01,Nate Ament,2028-29,2028-2029,6052200,team
MIL,amentna01,Nate Ament,2029-30,2029-2030,8648594,team
MIL,porteke02,Kevin Porter Jr.,2026-27,2026-2027,5390700,player
MIL,wareke01,Kel'el Ware,2026-27,2026-2027,4654920,team
MIL,wareke01,Kel'el Ware,2027-28,2027-2028,7135992,team
MIL,rolliry01,Ryan Rollins,2026-27,2026-2027,4000000,
MIL,rolliry01,Ryan Rollins,2027-28,2027-2028,4000000,player
MIL,jakucka01,Kasparas Jakučionis,2026-27,2026-2027,3841680,
MIL,jakucka01,Kasparas Jakučionis,2027-28,2027-2028,4024440,team
MIL,jakucka01,Kasparas Jakučionis,2028-29,2028-2029,6205687,team
MIL,simsje01,Jericho Sims,2026-27,2026-2027,2801346,player
MIL,nancepe01,Pete Nance,2026-27,2026-2027,2537526,
MIL,nancepe01,Pete Nance,2027-28,2027-2028,2756912,team
MIL,butlejo01,John Butler,2026-27,2026-2027,2449421,
MIL,markobo01,Bogoljub Markovic,2026-27,2026-2027,1357763,
MIL,markobo01,Bogoljub Markovic,2027-28,2027-2028,2294370,
MIL,markobo01,Bogoljub Markovic,2028-29,2028-2029,2694363,
MIL,markobo01,Bogoljub Markovic,2029-30,2029-2030,2918152,team
MIL,lillada01,Damian Lillard,2026-27,2026-2027,22516603,
MIL,lillada01,Damian Lillard,2027-28,2027-2028,22516603,
MIL,lillada01,Damian Lillard,2028-29,2028-2029,22516603,
MIL,lillada01,Damian Lillard,2029-30,2029-2030,22516603,
MIL,micicva01,Vasilije Micić,2026-27,2026-2027,666667,team
MIL,micicva01,Vasilije Micić,2027-28,2027-2028,666667,team
MIN,edwaran01,Anthony Edwards,2026-27,2026-2027,48924624,
MIN,edwaran01,Anthony Edwards,2027-28,2027-2028,52298736,
MIN,edwaran01,Anthony Edwards,2028-29,2028-2029,55672848,
MIN,ballla01,LaMelo Ball,2026-27,2026-2027,40770520,
MIN,ballla01,LaMelo Ball,2027-28,2027-2028,43582280,
MIN,ballla01,LaMelo Ball,2028-29,2028-2029,46394040,
MIN,goberru01,Rudy Gobert,2026-27,2026-2027,36500000,
MIN,goberru01,Rudy Gobert,2027-28,2027-2028,38000000,player
MIN,mcdanja02,Jaden McDaniels,2026-27,2026-2027,26200001,
MIN,mcdanja02,Jaden McDaniels,2027-28,2027-2028,28006898,
MIN,mcdanja02,Jaden McDaniels,2028-29,2028-2029,29813790,
MIN,dosunay01,Ayo Dosunmu,2026-27,2026-2027,19310345,
MIN,dosunay01,Ayo Dosunmu,2027-28,2027-2028,20855173,
MIN,dosunay01,Ayo Dosunmu,2028-29,2028-2029,22400001,
MIN,dosunay01,Ayo Dosunmu,2029-30,2029-2030,23944829,
MIN,dosunay01,Ayo Dosunmu,2030-31,2030-2031,25489652,player
MIN,divindo01,Donte DiVincenzo,2026-27,2026-2027,12535000,
MIN,kuminjo01,Jonathan Kuminga,2026-27,2026-2027,6064000,
MIN,kuminjo01,Jonathan Kuminga,2027-28,2027-2028,6367200,player
MIN,willico04,Cody Williams,2026-27,2026-2027,6015600,team
MIN,willico04,Cody Williams,2027-28,2027-2028,7669890,team
MIN,berinjo01,Joan Beringer,2026-27,2026-2027,4411200,
MIN,berinjo01,Joan Beringer,2027-28,2027-2028,4621200,team
MIN,berinjo01,Joan Beringer,2028-29,2028-2029,7098163,team
MIN,clarkja02,Jaylen Clark,2026-27,2026-2027,3086420,
MIN,clarkja02,Jaylen Clark,2027-28,2027-2028,3333334,
MIN,clarkja02,Jaylen Clark,2028-29,2028-2029,3580246,
MIN,hylanbo01,Bones Hyland,2026-27,2026-2027,2845883,
MIN,shannte01,Terrence Shannon Jr.,2026-27,2026-2027,2801640,team
MIN,shannte01,Terrence Shannon Jr.,2027-28,2027-2028,5054159,team
MIN,lylestr01,Trey Lyles,2026-27,2026-2027,2449421,
MIN,evansis01,Isaiah Evans,2026-27,2026-2027,1357763,
MIN,evansis01,Isaiah Evans,2027-28,2027-2028,2294370,
MIN,evansis01,Isaiah Evans,2028-29,2028-2029,2694363,
MIN,evansis01,Isaiah Evans,2029-30,2029-2030,2918152,team
MIN,konchjo01,John Konchar,2026-27,2026-2027,2055000,
MIN,konchjo01,John Konchar,2027-28,2027-2028,2055000,
MIN,konchjo01,John Konchar,2028-29,2028-2029,2055000,
NOP,willizi01,Zion Williamson,2026-27,2026-2027,42166510,
NOP,willizi01,Zion Williamson,2027-28,2027-2028,44886930,
NOP,poolejo01,Jordan Poole,2026-27,2026-2027,34044642,
NOP,murrade01,Dejounte Murray,2026-27,2026-2027,32785071,
NOP,murrade01,Dejounte Murray,2027-28,2027-2028,30751504,player
NOP,murphtr02,Trey Murphy III,2026-27,2026-2027,27000000,
NOP,murphtr02,Trey Murphy III,2027-28,2027-2028,29000000,
NOP,murphtr02,Trey Murphy III,2028-29,2028-2029,31000000,
NOP,joneshe01,Herbert Jones,2026-27,2026-2027,14898786,
NOP,joneshe01,Herbert Jones,2027-28,2027-2028,20858300,
NOP,joneshe01,Herbert Jones,2028-29,2028-2029,22526964,
NOP,joneshe01,Herbert Jones,2029-30,2029-2030,24195628,player
NOP,fearsje01,Jeremiah Fears,2026-27,2026-2027,7896240,
NOP,fearsje01,Jeremiah Fears,2027-28,2027-2028,8271960,team
NOP,fearsje01,Jeremiah Fears,2028-29,2028-2029,10505389,team
NOP,mathube01,Bennedict Mathurin,2026-27,2026-2027,7804878,
NOP,mathube01,Bennedict Mathurin,2027-28,2027-2028,8195122,player
NOP,beysa01,Saddiq Bey,2026-27,2026-2027,6440678,
NOP,beysa01,Saddiq Bey,2027-28,2027-2028,17129630,
NOP,beysa01,Saddiq Bey,2028-29,2028-2029,18500000,
NOP,beysa01,Saddiq Bey,2029-30,2029-2030,19870370,
NOP,queende01,Derik Queen,2026-27,2026-2027,5416080,
NOP,queende01,Derik Queen,2027-28,2027-2028,5673840,team
NOP,queende01,Derik Queen,2028-29,2028-2029,8107918,team
NOP,jordade01,DeAndre Jordan,2026-27,2026-2027,3876529,
NOP,jordade01,DeAndre Jordan,2027-28,2027-2028,4070355,
NOP,missiyv01,Yves Missi,2026-27,2026-2027,3512760,team
NOP,missiyv01,Yves Missi,2027-28,2027-2028,5595827,team
NOP,johnsaj01,AJ Johnson,2026-27,2026-2027,3237120,team
NOP,johnsaj01,AJ Johnson,2027-28,2027-2028,5493394,team
NOP,kolokch01,Christian Koloko,2026-27,2026-2027,2625627,
NOP,houstca01,Caleb Houstan,2026-27,2026-2027,2625627,
NOP,mcgowbr01,Bryce McGowens,2026-27,2026-2027,2584539,
NOP,mcgowbr01,Bryce McGowens,2027-28,2027-2028,2934742,team
NOP,watfotr01,Trendon Watford,2026-27,2026-2027,2449421,
NOP,bufkiko01,Kobe Bufkin,2026-27,2026-2027,2449421,
NOP,matkoka01,Karlo Matković,2026-27,2026-2027,2296271,team
NOP,gibsota01,Taj Gibson,2026-27,2026-2027,148828,
NYK,townska01,Karl-Anthony Towns,2026-27,2026-2027,57078728,
NYK,townska01,Karl-Anthony Towns,2027-28,2027-2028,61015192,player
NYK,anunoog01,OG Anunoby,2026-27,2026-2027,42500000,
NYK,anunoog01,OG Anunoby,2027-28,2027-2028,45431034,
NYK,anunoog01,OG Anunoby,2028-29,2028-2029,48362068,player
NYK,brunsja01,Jalen Brunson,2026-27,2026-2027,37739521,
NYK,brunsja01,Jalen Brunson,2027-28,2027-2028,40535041,
NYK,brunsja01,Jalen Brunson,2028-29,2028-2029,43330561,player
NYK,bridgmi01,Mikal Bridges,2026-27,2026-2027,33482145,
NYK,bridgmi01,Mikal Bridges,2027-28,2027-2028,36160714,
NYK,bridgmi01,Mikal Bridges,2028-29,2028-2029,38839285,
NYK,bridgmi01,Mikal Bridges,2029-30,2029-2030,41517856,player
NYK,hartjo01,Josh Hart,2026-27,2026-2027,20923760,
NYK,hartjo01,Josh Hart,2027-28,2027-2028,22375280,team
NYK,shamela01,Landry Shamet,2026-27,2026-2027,5357143,
NYK,shamela01,Landry Shamet,2027-28,2027-2028,5785714,
NYK,shamela01,Landry Shamet,2028-29,2028-2029,6214286,
NYK,shamela01,Landry Shamet,2029-30,2029-2030,6642857,
NYK,alvarjo01,Jose Alvarado,2026-27,2026-2027,4500000,
NYK,alvarjo01,Jose Alvarado,2027-28,2027-2028,4860000,
NYK,alvarjo01,Jose Alvarado,2028-29,2028-2029,5220000,
NYK,mcbrimi01,Miles McBride,2026-27,2026-2027,3956523,
NYK,dadiepa01,Pacôme Dadiet,2026-27,2026-2027,2983680,team
NYK,dadiepa01,Pacôme Dadiet,2027-28,2027-2028,5373608,team
NYK,wisemja01,James Wiseman,2026-27,2026-2027,2449421,
NYK,agbajoc01,Ochai Agbaji,2026-27,2026-2027,2449421,
NYK,konchjo01,John Konchar,2026-27,2026-2027,2449421,
NYK,eubandr01,Drew Eubanks,2026-27,2026-2027,2449421,
NYK,drumman01,Andre Drummond,2026-27,2026-2027,2449421,
NYK,clarkjo01,Jordan Clarkson,2026-27,2026-2027,2449421,
NYK,brownbr01,Bruce Brown,2026-27,2026-2027,2449421,
NYK,kolekty01,Tyler Kolek,2026-27,2026-2027,2296271,
NYK,kolekty01,Tyler Kolek,2027-28,2027-2028,2486995,team
NYK,diawamo01,Mohamed Diawara,2026-27,2026-2027,2232143,
NYK,diawamo01,Mohamed Diawara,2027-28,2027-2028,2410714,
NYK,diawamo01,Mohamed Diawara,2028-29,2028-2029,2589286,
NYK,diawamo01,Mohamed Diawara,2029-30,2029-2030,2767857,
OKC,holmgch01,Chet Holmgren,2026-27,2026-2027,41500000,
OKC,holmgch01,Chet Holmgren,2027-28,2027-2028,44820000,
OKC,holmgch01,Chet Holmgren,2028-29,2028-2029,48140000,
OKC,holmgch01,Chet Holmgren,2029-30,2029-2030,51460000,
OKC,holmgch01,Chet Holmgren,2030-31,2030-2031,54780000,
OKC,willija06,Jalen Williams,2026-27,2026-2027,41500000,
OKC,willija06,Jalen Williams,2027-28,2027-2028,44820000,
OKC,willija06,Jalen Williams,2028-29,2028-2029,48140000,
OKC,willija06,Jalen Williams,2029-30,2029-2030,51460000,
OKC,willija06,Jalen Williams,2030-31,2030-2031,54780000,
OKC,gilgesh01,Shai Gilgeous-Alexander,2026-27,2026-2027,40806150,
OKC,gilgesh01,Shai Gilgeous-Alexander,2027-28,2027-2028,61005000,
OKC,gilgesh01,Shai Gilgeous-Alexander,2028-29,2028-2029,65885400,
OKC,gilgesh01,Shai Gilgeous-Alexander,2029-30,2029-2030,70765800,
OKC,gilgesh01,Shai Gilgeous-Alexander,2030-31,2030-2031,75646200,player
OKC,harteis01,Isaiah Hartenstein,2026-27,2026-2027,23148148,
OKC,harteis01,Isaiah Hartenstein,2027-28,2027-2028,25000000,
OKC,harteis01,Isaiah Hartenstein,2028-29,2028-2029,26851852,
OKC,carusal01,Alex Caruso,2026-27,2026-2027,19550160,
OKC,carusal01,Alex Caruso,2027-28,2027-2028,20998320,
OKC,carusal01,Alex Caruso,2028-29,2028-2029,22446480,
OKC,willija07,Jaylin Williams,2026-27,2026-2027,7774648,
OKC,willija07,Jaylin Williams,2027-28,2027-2028,7774648,team
OKC,wallaca01,Cason Wallace,2026-27,2026-2027,7420806,team
OKC,maraad01,Aday Mara,2026-27,2026-2027,5791680,
OKC,maraad01,Aday Mara,2027-28,2027-2028,6081480,
OKC,maraad01,Aday Mara,2028-29,2028-2029,6371160,team
OKC,maraad01,Aday Mara,2029-30,2029-2030,8779459,team
OKC,topicni01,Nikola Topić,2026-27,2026-2027,5429760,team
OKC,topicni01,Nikola Topić,2027-28,2027-2028,7482210,team
OKC,willike04,Kenrich Williams,2026-27,2026-2027,5000000,
OKC,sorbeth01,Thomas Sorber,2026-27,2026-2027,4887720,
OKC,sorbeth01,Thomas Sorber,2027-28,2027-2028,5120400,team
OKC,sorbeth01,Thomas Sorber,2028-29,2028-2029,7849573,team
OKC,stirtbe01,Bennett Stirtz,2026-27,2026-2027,4717320,
OKC,stirtbe01,Bennett Stirtz,2027-28,2027-2028,4953240,
OKC,stirtbe01,Bennett Stirtz,2028-29,2028-2029,5189400,team
OKC,stirtbe01,Bennett Stirtz,2029-30,2029-2030,7960540,team
OKC,mccaija01,Jared McCain,2026-27,2026-2027,4422600,team
OKC,mccaija01,Jared McCain,2027-28,2027-2028,6784268,team
OKC,mitchaj01,Ajay Mitchell,2026-27,2026-2027,2850000,
OKC,mitchaj01,Ajay Mitchell,2027-28,2027-2028,2850000,team
OKC,tillych01,Christoph Tilly,2026-27,2026-2027,1357763,
ORL,wagnefr01,Franz Wagner,2026-27,2026-2027,41754690,
ORL,wagnefr01,Franz Wagner,2027-28,2027-2028,44847630,
ORL,wagnefr01,Franz Wagner,2028-29,2028-2029,47940570,
ORL,wagnefr01,Franz Wagner,2029-30,2029-2030,51033510,
ORL,banchpa01,Paolo Banchero,2026-27,2026-2027,41500000,
ORL,banchpa01,Paolo Banchero,2027-28,2027-2028,44820000,
ORL,banchpa01,Paolo Banchero,2028-29,2028-2029,48140000,
ORL,banchpa01,Paolo Banchero,2029-30,2029-2030,51460000,
ORL,banchpa01,Paolo Banchero,2030-31,2030-2031,54780000,player
ORL,banede01,Desmond Bane,2026-27,2026-2027,39446090,
ORL,banede01,Desmond Bane,2027-28,2027-2028,42166510,
ORL,banede01,Desmond Bane,2028-29,2028-2029,44886930,
ORL,suggsja01,Jalen Suggs,2026-27,2026-2027,32400000,
ORL,suggsja01,Jalen Suggs,2027-28,2027-2028,29600000,
ORL,suggsja01,Jalen Suggs,2028-29,2028-2029,26800000,
ORL,suggsja01,Jalen Suggs,2029-30,2029-2030,26700000,team
ORL,cartewe01,Wendell Carter Jr.,2026-27,2026-2027,18102000,
ORL,cartewe01,Wendell Carter Jr.,2027-28,2027-2028,19550160,
ORL,cartewe01,Wendell Carter Jr.,2028-29,2028-2029,20998320,team
ORL,isaacjo01,Jonathan Isaac,2026-27,2026-2027,10449421,
ORL,blackan01,Anthony Black,2026-27,2026-2027,10106316,team
ORL,bitadgo01,Goga Bitadze,2026-27,2026-2027,7608696,
ORL,dasiltr01,Tristan Da Silva,2026-27,2026-2027,3991200,team
ORL,dasiltr01,Tristan Da Silva,2027-28,2027-2028,6138466,team
ORL,richaja02,Jase Richardson,2026-27,2026-2027,3132360,
ORL,richaja02,Jase Richardson,2027-28,2027-2028,3282000,team
ORL,richaja02,Jase Richardson,2028-29,2028-2029,5910882,team
ORL,davisjd01,JD Davison,2026-27,2026-2027,2625627,
ORL,cainja01,Jamal Cain,2026-27,2026-2027,2584539,team
ORL,branhma01,Malaki Branham,2026-27,2026-2027,2537526,
ORL,carteje01,Jevon Carter,2026-27,2026-2027,2449421,
ORL,vucevni01,Nikola Vučević,2026-27,2026-2027,2449421,
ORL,pendano01,Noah Penda,2026-27,2026-2027,2150917,
ORL,pendano01,Noah Penda,2027-28,2027-2028,2525901,
ORL,pendano01,Noah Penda,2028-29,2028-2029,2735698,team
PHI,embiijo01,Joel Embiid,2026-27,2026-2027,58100000,
PHI,embiijo01,Joel Embiid,2027-28,2027-2028,62748000,
PHI,embiijo01,Joel Embiid,2028-29,2028-2029,67396000,player
PHI,brownja02,Jaylen Brown,2026-27,2026-2027,57078728,
PHI,brownja02,Jaylen Brown,2027-28,2027-2028,61015192,
PHI,brownja02,Jaylen Brown,2028-29,2028-2029,64951656,
PHI,maxeyty01,Tyrese Maxey,2026-27,2026-2027,40770520,
PHI,maxeyty01,Tyrese Maxey,2027-28,2027-2028,43582280,
PHI,maxeyty01,Tyrese Maxey,2028-29,2028-2029,46394040,
PHI,edgecvj01,VJ Edgecombe,2026-27,2026-2027,11663880,
PHI,edgecvj01,VJ Edgecombe,2027-28,2027-2028,12219720,team
PHI,edgecvj01,VJ Edgecombe,2028-29,2028-2029,15445727,team
PHI,wadede01,Dean Wade,2026-27,2026-2027,9000000,
PHI,wadede01,Dean Wade,2027-28,2027-2028,9450000,
PHI,wadede01,Dean Wade,2028-29,2028-2029,9900000,
PHI,wadede01,Dean Wade,2029-30,2029-2030,10350000,
PHI,simonan01,Anfernee Simons,2026-27,2026-2027,6000000,
PHI,simonan01,Anfernee Simons,2027-28,2027-2028,6300000,player
PHI,jamesle01,LeBron James,2026-27,2026-2027,3876529,
PHI,jamesle01,LeBron James,2027-28,2027-2028,4070355,player
PHI,philola01,Labaron Philon Jr.,2026-27,2026-2027,3597120,
PHI,philola01,Labaron Philon Jr.,2027-28,2027-2028,3776760,
PHI,philola01,Labaron Philon Jr.,2028-29,2028-2029,3956760,team
PHI,philola01,Labaron Philon Jr.,2029-30,2029-2030,6508871,team
PHI,barlodo01,Dominick Barlow,2026-27,2026-2027,3415000,team
PHI,hukpoar01,Ariel Hukporti,2026-27,2026-2027,3400000,
PHI,walkeja01,Jabari Walker,2026-27,2026-2027,2584539,
PHI,jonesdi01,Dillon Jones,2026-27,2026-2027,2449421,
PHI,caldwke01,Kentavious Caldwell-Pope,2026-27,2026-2027,2449421,
PHI,edwarju01,Justin Edwards,2026-27,2026-2027,2411090,
PHI,edwarju01,Justin Edwards,2027-28,2027-2028,2616754,team
PHI,bonaad01,Adem Bona,2026-27,2026-2027,2296271,
PHI,bonaad01,Adem Bona,2027-28,2027-2028,2486995,team
PHI,nelsoja02,Jameer Nelson Jr.,2026-27,2026-2027,1357763,
PHI,fallta01,Tacko Fall,2026-27,2026-2027,1357763,
PHI,thomasa03,Saint Thomas,2026-27,2026-2027,1357763,
PHO,bookede01,Devin Booker,2026-27,2026-2027,57078728,
PHO,bookede01,Devin Booker,2027-28,2027-2028,61015192,
PHO,bookede01,Devin Booker,2028-29,2028-2029,64065952,
PHO,bookede01,Devin Booker,2029-30,2029-2030,69191228,player
PHO,greenja05,Jalen Green,2026-27,2026-2027,36251166,
PHO,greenja05,Jalen Green,2027-28,2027-2028,36000000,player
PHO,bridgmi02,Miles Bridges,2026-27,2026-2027,22826087,
PHO,brookdi01,Dillon Brooks,2026-27,2026-2027,19992727,
PHO,brookdi01,Dillon Brooks,2027-28,2027-2028,22530864,
PHO,brookdi01,Dillon Brooks,2028-29,2028-2029,24333333,
PHO,brookdi01,Dillon Brooks,2029-30,2029-2030,26135802,
PHO,willima07,Mark Williams,2026-27,2026-2027,11728395,
PHO,willima07,Mark Williams,2027-28,2027-2028,12666667,
PHO,willima07,Mark Williams,2028-29,2028-2029,13604938,
PHO,gilleco01,Collin Gillespie,2026-27,2026-2027,10714286,
PHO,gilleco01,Collin Gillespie,2027-28,2027-2028,11571429,
PHO,gilleco01,Collin Gillespie,2028-29,2028-2029,12428571,
PHO,gilleco01,Collin Gillespie,2029-30,2029-2030,13285714,
PHO,maluakh01,Khaman Maluach,2026-27,2026-2027,6316680,
PHO,maluakh01,Khaman Maluach,2027-28,2027-2028,6617160,team
PHO,maluakh01,Khaman Maluach,2028-29,2028-2029,8436880,team
PHO,kennalu01,Luke Kennard,2026-27,2026-2027,6064000,
PHO,kennalu01,Luke Kennard,2027-28,2027-2028,6367200,player
PHO,goodwjo01,Jordan Goodwin,2026-27,2026-2027,5864198,
PHO,goodwjo01,Jordan Goodwin,2027-28,2027-2028,6333333,
PHO,goodwjo01,Jordan Goodwin,2028-29,2028-2029,6802469,player
PHO,highsha01,Haywood Highsmith,2026-27,2026-2027,3449421,
PHO,peatko01,Koa Peat,2026-27,2026-2027,2926800,
PHO,peatko01,Koa Peat,2027-28,2027-2028,3073080,
PHO,peatko01,Koa Peat,2028-29,2028-2029,3219840,team
PHO,peatko01,Koa Peat,2029-30,2029-2030,5811811,team
PHO,dunnry01,Ryan Dunn,2026-27,2026-2027,2784240,team
PHO,dunnry01,Ryan Dunn,2027-28,2027-2028,5025553,team
PHO,bouyeja01,Jamaree Bouyea,2026-27,2026-2027,2584539,
PHO,ighodos01,Oso Ighodaro,2026-27,2026-2027,2296271,
PHO,ighodos01,Oso Ighodaro,2027-28,2027-2028,2486995,team
PHO,flemira01,Rasheer Fleming,2026-27,2026-2027,2150917,
PHO,flemira01,Rasheer Fleming,2027-28,2027-2028,2525901,
PHO,flemira01,Rasheer Fleming,2028-29,2028-2029,2735698,team
PHO,bealbr01,Bradley Beal,2026-27,2026-2027,19383010,
PHO,bealbr01,Bradley Beal,2027-28,2027-2028,19383010,
PHO,bealbr01,Bradley Beal,2028-29,2028-2029,19383010,
PHO,bealbr01,Bradley Beal,2029-30,2029-2030,19383010,
PHO,littlna01,Nassir Little,2026-27,2026-2027,3107143,
PHO,littlna01,Nassir Little,2027-28,2027-2028,3107143,
PHO,littlna01,Nassir Little,2028-29,2028-2029,3107143,
PHO,liddeej01,E.J. Liddell,2026-27,2026-2027,706898,
POR,moranja01,Ja Morant,2026-27,2026-2027,42166510,
POR,moranja01,Ja Morant,2027-28,2027-2028,44886930,
POR,holidjr01,Jrue Holiday,2026-27,2026-2027,34800000,
POR,holidjr01,Jrue Holiday,2027-28,2027-2028,37200000,player
POR,sharpsh01,Shaedon Sharpe,2026-27,2026-2027,20089287,
POR,sharpsh01,Shaedon Sharpe,2027-28,2027-2028,21696429,
POR,sharpsh01,Shaedon Sharpe,2028-29,2028-2029,23303571,
POR,sharpsh01,Shaedon Sharpe,2029-30,2029-2030,24910713,
POR,camarto01,Toumani Camara,2026-27,2026-2027,18080358,
POR,camarto01,Toumani Camara,2027-28,2027-2028,19526786,
POR,camarto01,Toumani Camara,2028-29,2028-2029,20973214,
POR,camarto01,Toumani Camara,2029-30,2029-2030,22419642,
POR,williro04,Robert Williams,2026-27,2026-2027,13968254,
POR,williro04,Robert Williams,2027-28,2027-2028,14666667,
POR,williro04,Robert Williams,2028-29,2028-2029,15365079,
POR,hendesc01,Scoot Henderson,2026-27,2026-2027,13585523,team
POR,lillada01,Damian Lillard,2026-27,2026-2027,13398800,
POR,lillada01,Damian Lillard,2027-28,2027-2028,14104000,player
POR,avdijde01,Deni Avdija,2026-27,2026-2027,13125000,
POR,avdijde01,Deni Avdija,2027-28,2027-2028,11875000,
POR,clingdo01,Donovan Clingan,2026-27,2026-2027,7519920,team
POR,clingdo01,Donovan Clingan,2027-28,2027-2028,9550298,team
POR,yangha01,Yang Hansen,2026-27,2026-2027,4643520,
POR,yangha01,Yang Hansen,2027-28,2027-2028,4864920,team
POR,yangha01,Yang Hansen,2028-29,2028-2029,7462788,team
POR,pottemi01,Micah Potter,2026-27,2026-2027,2801346,
POR,krejcvi01,Vít Krejčí,2026-27,2026-2027,2667944,
POR,krejcvi01,Vít Krejčí,2027-28,2027-2028,3005085,team
POR,cissosi01,Sidy Cissoko,2026-27,2026-2027,2497812,
POR,sochaje01,Jeremy Sochan,2026-27,2026-2027,2449421,
POR,carlsbr01,Branden Carlson,2026-27,2026-2027,2449421,
POR,louzama01,Didi Louzada,2026-27,2026-2027,268032,
POR,louzama01,Didi Louzada,2027-28,2027-2028,268032,
POR,louzama01,Didi Louzada,2028-29,2028-2029,268032,
SAC,lavinza01,Zach LaVine,2026-27,2026-2027,48967380,player
SAC,sabondo01,Domantas Sabonis,2026-27,2026-2027,45472000,
SAC,sabondo01,Domantas Sabonis,2027-28,2027-2028,48608000,
SAC,huntede01,De'Andre Hunter,2026-27,2026-2027,24910714,
SAC,murrake02,Keegan Murray,2026-27,2026-2027,24137936,
SAC,murrake02,Keegan Murray,2027-28,2027-2028,26068965,
SAC,murrake02,Keegan Murray,2028-29,2028-2029,27999999,
SAC,murrake02,Keegan Murray,2029-30,2029-2030,29931033,
SAC,murrake02,Keegan Murray,2030-31,2030-2031,31862067,
SAC,monkma01,Malik Monk,2026-27,2026-2027,20190035,
SAC,monkma01,Malik Monk,2027-28,2027-2028,21582451,player
SAC,acuffda01,Darius Acuff Jr.,2026-27,2026-2027,8021640,
SAC,acuffda01,Darius Acuff Jr.,2027-28,2027-2028,8422920,
SAC,acuffda01,Darius Acuff Jr.,2028-29,2028-2029,8823600,team
SAC,acuffda01,Darius Acuff Jr.,2029-30,2029-2030,11205972,team
SAC,achiupr01,Precious Achiuwa,2026-27,2026-2027,5477000,
SAC,achiupr01,Precious Achiuwa,2027-28,2027-2028,5750850,
SAC,cliffni01,Nique Clifford,2026-27,2026-2027,3263400,
SAC,cliffni01,Nique Clifford,2027-28,2027-2028,3418800,team
SAC,cliffni01,Nique Clifford,2028-29,2028-2029,5979481,team
SAC,karabal01,Alex Karaban,2026-27,2026-2027,2948280,
SAC,karabal01,Alex Karaban,2027-28,2027-2028,3095640,
SAC,karabal01,Alex Karaban,2028-29,2028-2029,3243120,team
SAC,karabal01,Alex Karaban,2029-30,2029-2030,5853832,team
SAC,simmobe01,Ben Simmons,2026-27,2026-2027,2449421,
SAC,plowdda01,Daeqwon Plowden,2026-27,2026-2027,2449421,
SAC,plowdda01,Daeqwon Plowden,2027-28,2027-2028,2664401,
SAC,raynama01,Maxime Raynaud,2026-27,2026-2027,2150917,
SAC,raynama01,Maxime Raynaud,2027-28,2027-2028,2525901,team
SAC,sharpem01,Emanuel Sharp,2026-27,2026-2027,1357763,
SAC,sharpem01,Emanuel Sharp,2027-28,2027-2028,2294370,
SAC,sharpem01,Emanuel Sharp,2028-29,2028-2029,2694363,team
SAS,foxde01,De'Aaron Fox,2026-27,2026-2027,49800000,
SAS,foxde01,De'Aaron Fox,2027-28,2027-2028,53784000,
SAS,foxde01,De'Aaron Fox,2028-29,2028-2029,57768000,
SAS,foxde01,De'Aaron Fox,2029-30,2029-2030,61752000,
SAS,vassede01,Devin Vassell,2026-27,2026-2027,27000000,
SAS,vassede01,Devin Vassell,2027-28,2027-2028,24652174,
SAS,vassede01,Devin Vassell,2028-29,2028-2029,27000000,
SAS,johnske04,Keldon Johnson,2026-27,2026-2027,17500000,
SAS,wembavi01,Victor Wembanyama,2026-27,2026-2027,16868246,team
SAS,wembavi01,Victor Wembanyama,2027-28,2027-2028,43500000,
SAS,wembavi01,Victor Wembanyama,2028-29,2028-2029,46980000,
SAS,wembavi01,Victor Wembanyama,2029-30,2029-2030,50460000,
SAS,wembavi01,Victor Wembanyama,2030-31,2030-2031,53940000,
SAS,wembavi01,Victor Wembanyama,2031-32,2031-2032,57420000,player
SAS,harrito02,Tobias Harris,2026-27,2026-2027,15044000,
SAS,harrito02,Tobias Harris,2027-28,2027-2028,15796200,
SAS,champju02,Julian Champagnie,2026-27,2026-2027,13888889,
SAS,champju02,Julian Champagnie,2027-28,2027-2028,15000000,
SAS,champju02,Julian Champagnie,2028-29,2028-2029,16111111,
SAS,harpedy01,Dylan Harper,2026-27,2026-2027,12989040,
SAS,harpedy01,Dylan Harper,2027-28,2027-2028,13607760,team
SAS,harpedy01,Dylan Harper,2028-29,2028-2029,17172994,team
SAS,kornelu01,Luke Kornet,2026-27,2026-2027,10450000,
SAS,kornelu01,Luke Kornet,2027-28,2027-2028,9900000,
SAS,kornelu01,Luke Kornet,2028-29,2028-2029,9350000,team
SAS,castlst01,Stephon Castle,2026-27,2026-2027,10015920,team
SAS,castlst01,Stephon Castle,2027-28,2027-2028,12670139,team
SAS,barneha02,Harrison Barnes,2026-27,2026-2027,8000000,
SAS,bryanca01,Carter Bryant,2026-27,2026-2027,5145360,
SAS,bryanca01,Carter Bryant,2027-28,2027-2028,5390640,team
SAS,bryanca01,Carter Bryant,2028-29,2028-2029,7983539,team
SAS,quainja01,Jayden Quaintance,2026-27,2026-2027,3902760,
SAS,quainja01,Jayden Quaintance,2027-28,2027-2028,4097880,
SAS,quainja01,Jayden Quaintance,2028-29,2028-2029,4292880,team
SAS,quainja01,Jayden Quaintance,2029-30,2029-2030,6619621,team
SAS,reedjta01,Tarris Reed Jr.,2026-27,2026-2027,3076920,
SAS,reedjta01,Tarris Reed Jr.,2027-28,2027-2028,3230520,
SAS,reedjta01,Tarris Reed Jr.,2028-29,2028-2029,3384480,team
SAS,reedjta01,Tarris Reed Jr.,2029-30,2029-2030,6102218,team
SAS,mclaujo01,Jordan McLaughlin,2026-27,2026-2027,2449421,
SAS,peterta01,Taelon Peter,2026-27,2026-2027,2185116,
SAS,nunnja01,Jayden Nunn,2026-27,2026-2027,1357763,
TOR,leonaka01,Kawhi Leonard,2026-27,2026-2027,50300000,
TOR,barnesc01,Scottie Barnes,2026-27,2026-2027,41754690,
TOR,barnesc01,Scottie Barnes,2027-28,2027-2028,44847630,
TOR,barnesc01,Scottie Barnes,2028-29,2028-2029,47940570,
TOR,barnesc01,Scottie Barnes,2029-30,2029-2030,51033510,
TOR,quickim01,Immanuel Quickley,2026-27,2026-2027,32500000,
TOR,quickim01,Immanuel Quickley,2027-28,2027-2028,32500000,
TOR,quickim01,Immanuel Quickley,2028-29,2028-2029,32500000,
TOR,barrerj01,RJ Barrett,2026-27,2026-2027,29616071,
TOR,poeltja01,Jakob Poeltl,2026-27,2026-2027,19500000,player
TOR,poeltja01,Jakob Poeltl,2027-28,2027-2028,27300000,
TOR,poeltja01,Jakob Poeltl,2028-29,2028-2029,29484000,
TOR,poeltja01,Jakob Poeltl,2029-30,2029-2030,27300000,
TOR,murraco01,Collin Murray-Boyles,2026-27,2026-2027,6649560,
TOR,murraco01,Collin Murray-Boyles,2027-28,2027-2028,6966000,team
TOR,murraco01,Collin Murray-Boyles,2028-29,2028-2029,8874684,team
TOR,graveal01,Allen Graves,2026-27,2026-2027,4065720,
TOR,graveal01,Allen Graves,2027-28,2027-2028,4268880,
TOR,graveal01,Allen Graves,2028-29,2028-2029,4472640,team
TOR,graveal01,Allen Graves,2029-30,2029-2030,6887866,team
TOR,walteja01,Ja'Kobe Walter,2026-27,2026-2027,3811800,team
TOR,walteja01,Ja'Kobe Walter,2027-28,2027-2028,5870172,team
TOR,jacksan01,Andre Jackson Jr.,2026-27,2026-2027,2537526,
TOR,anderky01,Kyle Anderson,2026-27,2026-2027,2449421,
TOR,jackstr02,Trayce Jackson-Davis,2026-27,2026-2027,2406205,team
TOR,battlja01,Jamison Battle,2026-27,2026-2027,2296271,
TOR,sheadja01,Jamal Shead,2026-27,2026-2027,2296271,team
TOR,martial01,Alijah Martin,2026-27,2026-2027,2185116,
TOR,martial01,Alijah Martin,2027-28,2027-2028,2571895,player
TOR,smithma02,Malachi Smith,2026-27,2026-2027,2185116,
TOR,bittlna01,Nate Bittle,2026-27,2026-2027,1357763,
UTA,jacksja02,Jaren Jackson Jr.,2026-27,2026-2027,49000000,
UTA,jacksja02,Jaren Jackson Jr.,2027-28,2027-2028,50500000,
UTA,jacksja02,Jaren Jackson Jr.,2028-29,2028-2029,52000000,
UTA,jacksja02,Jaren Jackson Jr.,2029-30,2029-2030,53500000,player
UTA,markkla01,Lauri Markkanen,2026-27,2026-2027,46113154,
UTA,markkla01,Lauri Markkanen,2027-28,2027-2028,49824681,
UTA,markkla01,Lauri Markkanen,2028-29,2028-2029,53536209,
UTA,greenjo02,Josh Green,2026-27,2026-2027,14679012,
UTA,peterda02,Darryn Peterson,2026-27,2026-2027,13195320,
UTA,peterda02,Darryn Peterson,2027-28,2027-2028,13855320,
UTA,peterda02,Darryn Peterson,2028-29,2028-2029,14515320,team
UTA,peterda02,Darryn Peterson,2029-30,2029-2030,18318335,team
UTA,nurkiju01,Jusuf Nurkić,2026-27,2026-2027,10576923,
UTA,nurkiju01,Jusuf Nurkić,2027-28,2027-2028,11423077,
UTA,baileac01,Ace Bailey,2026-27,2026-2027,9523080,
UTA,baileac01,Ace Bailey,2027-28,2027-2028,9976560,team
UTA,baileac01,Ace Bailey,2028-29,2028-2029,12640302,team
UTA,georgke01,Keyonte George,2026-27,2026-2027,6563925,team
UTA,georgke01,Keyonte George,2027-28,2027-2028,28700000,
UTA,georgke01,Keyonte George,2028-29,2028-2029,29848000,
UTA,georgke01,Keyonte George,2029-30,2029-2030,31041920,
UTA,georgke01,Keyonte George,2030-31,2030-2031,32283597,
UTA,georgke01,Keyonte George,2031-32,2031-2032,33574941,
UTA,hayesja02,Jaxson Hayes,2026-27,2026-2027,6000000,
UTA,hayesja02,Jaxson Hayes,2027-28,2027-2028,6000000,team
UTA,okogijo01,Josh Okogie,2026-27,2026-2027,6000000,
UTA,okogijo01,Josh Okogie,2027-28,2027-2028,6000000,team
UTA,sensabr01,Brice Sensabaugh,2026-27,2026-2027,4862237,team
UTA,mykhasv01,Svi Mykhailiuk,2026-27,2026-2027,3850000,
UTA,mykhasv01,Svi Mykhailiuk,2027-28,2027-2028,4025000,team
UTA,bambamo01,Mo Bamba,2026-27,2026-2027,3286399,
UTA,bambamo01,Mo Bamba,2027-28,2027-2028,3681991,
UTA,filipky01,Kyle Filipowski,2026-27,2026-2027,3000000,
UTA,filipky01,Kyle Filipowski,2027-28,2027-2028,3000000,team
UTA,colliis01,Isaiah Collier,2026-27,2026-2027,2763960,team
UTA,colliis01,Isaiah Collier,2027-28,2027-2028,4988948,team
UTA,ingraha01,Harrison Ingram,2026-27,2026-2027,2449421,
WAS,davisan02,Anthony Davis,2026-27,2026-2027,58456566,
WAS,davisan02,Anthony Davis,2027-28,2027-2028,62786682,player
WAS,youngtr01,Trae Young,2026-27,2026-2027,49488300,
WAS,youngtr01,Trae Young,2027-28,2027-2028,50478066,
WAS,youngtr01,Trae Young,2028-29,2028-2029,54437130,
WAS,youngtr01,Trae Young,2029-30,2029-2030,58396194,player
WAS,dybanaj01,AJ Dybantsa,2026-27,2026-2027,14748000,
WAS,dybanaj01,AJ Dybantsa,2027-28,2027-2028,15485760,
WAS,dybanaj01,AJ Dybantsa,2028-29,2028-2029,16223040,team
WAS,dybanaj01,AJ Dybantsa,2029-30,2029-2030,20457254,team
WAS,sarral01,Alex Sarr,2026-27,2026-2027,12370680,team
WAS,sarral01,Alex Sarr,2027-28,2027-2028,15611798,team
WAS,coulibi01,Bilal Coulibaly,2026-27,2026-2027,9240012,team
WAS,johnstr03,Tre Johnson,2026-27,2026-2027,8649600,
WAS,johnstr03,Tre Johnson,2027-28,2027-2028,9061680,team
WAS,johnstr03,Tre Johnson,2028-29,2028-2029,11490211,team
WAS,aytonde01,Deandre Ayton,2026-27,2026-2027,8104000,player
WAS,manntr01,Tre Mann,2026-27,2026-2027,8000000,
WAS,manntr01,Tre Mann,2027-28,2027-2028,8000000,team
WAS,middlkh01,Khris Middleton,2026-27,2026-2027,5591122,
WAS,middlkh01,Khris Middleton,2027-28,2027-2028,5870678,
WAS,middlkh01,Khris Middleton,2028-29,2028-2029,6150234,
WAS,carrica01,Bub Carrington,2026-27,2026-2027,4900560,team
WAS,carrica01,Bub Carrington,2027-28,2027-2028,7257730,team
WAS,rileywi01,Will Riley,2026-27,2026-2027,3688320,
WAS,rileywi01,Will Riley,2027-28,2027-2028,3864000,team
WAS,rileywi01,Will Riley,2028-29,2028-2029,6155352,team
WAS,georgky01,Kyshawn George,2026-27,2026-2027,3108000,team
WAS,georgky01,Kyshawn George,2027-28,2027-2028,5435892,team
WAS,champju01,Justin Champagnie,2026-27,2026-2027,2667944,
WAS,champju01,Justin Champagnie,2027-28,2027-2028,3005085,team
WAS,gillan01,Anthony Gill,2026-27,2026-2027,2449421,
WAS,murphke02,KeShawn Murphy,2026-27,2026-2027,1357763,
