team,bbref_id,player_name,signed_date,contract_years,contract_value,is_extension,option_seasons_in_note,option_exercised_date,traded_from,traded_date,note
ATL,johnsja05,Jalen Johnson,"October 21, 2024",5,150000000,True,,,,,"Signed 5-yr/$150M contract extension October 21, 2024."
ATL,daniedy01,Dyson Daniels,"October 20, 2025",4,100000000,True,,,,,"Signed 4-yr/$100M contract extension October 20, 2025."
ATL,mccolcj01,CJ McCollum,"June 22, 2026",1,21000000,True,,,,,"Signed 1-yr/$21M veteran extension June 22, 2026."
ATL,dortlu01,Luguentz Dort,"July 6, 2022",5,82500000,False,2026-27:team,"June 29, 2026",OKC,"July 19, 2026","Traded from OKC to ATL July 19, 2026. Option exercised June 29, 2026. 2026-27 is a team option. Signed 5-yr/$82.5M contract July 6, 2022."
ATL,okongon01,Onyeka Okongwu,"October 23, 2023",4,62000000,True,,,,,"Signed 4-yr/$62M contract extension October 23, 2023."
ATL,alexani01,Nickeil Alexander-Walker,"July 6, 2025",4,62000000,False,2028-29:player,,,,"2028-29 is a player option. Signed 4-yr/$62M contract July 6, 2025 with MIN and immediately traded to ATL."
ATL,landajo01,Jock Landale,"July 10, 2026",1,14000000,False,,,,,"Signed 1-yr/$14M contract July 10, 2026."
ATL,kispeco01,Corey Kispert,"October 21, 2024",4,54000000,True,2028-29:team,,WAS,"January 9, 2026","Traded from WAS to ATL January 9, 2026. 2028-29 is a team option. Signed 4-yr/$54M contract extension October 21, 2024."
ATL,hieldbu01,Buddy Hield,"July 6, 2024",4,38000000,False,2027-28:player,,GSW,"February 5, 2026","Traded from GSW to ATL February 5, 2026. 2027-28 is a player option. Traded from PHI to GSW July 6, 2024. Signed 4-yr/$38M contract July 6, 2024."
ATL,wiggiaa01,Aaron Wiggins,"July 7, 2024",5,47000000,False,2028-29:team,,OKC,"July 6, 2026","Traded from OKC to ATL July 6, 2026. 2028-29 is a team option. Signed 5-yr/$47M contract July 7, 2024."
ATL,flemiki01,Kingston Flemings,"July 2, 2026",4,33000000,False,,,,,"2028-29 and 2029-30 are team options. Signed 4-yr/$33M contract July 2, 2026."
ATL,ejiofzu01,Zuby Ejiofor,"July 1, 2026",4,17000000,False,,,,,"2028-29 and 2029-30 are team options. Signed 4-yr/$17M contract July 1, 2026."
ATL,newelas01,Asa Newell,,,,,,,,,"2027-28 and 2028-29 are team options. Signed rookie scale contract on July 3, 2025."
ATL,gueyemo02,Mouhamed Gueye,"July 3, 2023",4,7600000,False,2026-27:team,"June 25, 2026",,,"Option exercised June 25, 2026. 2026-27 is a team option. 2025-26 is not guaranteed. Signed 4-yr/$7.6M contract July 3, 2023."
ATL,nembhry01,Ryan Nembhard,,,,,,,DAL,"July 19, 2026","Traded from DAL to ATL July 19, 2026. Team option exercised June 29, 2026. Signed 2-yr contract February 28, 2026."
ATL,veesahe01,Henri Veesaar,"July 1, 2026",4,9000000,False,2029-30:team,,,,"2029-30 is a team option. 2028-29 is not guaranteed. Signed 4-yr/$9M contract July 1, 2026."
ATL,wilsoja03,Jalen Wilson,,,,,,,,,"Signed two-way contract July 22, 2026."
ATL,cartede02,Devin Carter,,,,,,"October 14, 2025",SAC,"June 30, 2026","Waived September 11, 2026. Traded from SAC to ATL June 30, 2026. Option exercised October 14, 2025. 2026-27 and 2027-28 are team options. Signed rookie scale contract on July 9, 2024."
BOS,tatumja01,Jayson Tatum,"July 6, 2024",5,314000000,True,2029-30:player,,,,"2029-30 is a player option. Signed 5-yr/$314M contract extension July 6, 2024."
BOS,georgpa01,Paul George,"July 6, 2024",4,212000000,False,2027-28:player,,PHI,"July 6, 2026","Traded from PHI to BOS July 6, 2026. 2027-28 is a player option. Signed 4-yr/$212M contract July 6, 2024."
BOS,whitede01,Derrick White,"July 6, 2024",4,118000000,False,2028-29:player,,,,"2028-29 is a player option. Signed 4-yr/$118M contract July 6, 2024."
BOS,robinmi01,Mitchell Robinson,"July 6, 2026",3,47000000,False,,,,,"Signed 3-yr/$47M contract July 6, 2026."
BOS,hausesa01,Sam Hauser,"July 23, 2024",4,45000000,True,,,,,"Signed 4-yr/$45M contract extension July 23, 2024."
BOS,pritcpa01,Payton Pritchard,"October 10, 2023",4,30000000,True,,,,,"Signed 4-yr/$30M rookie scale extension October 10, 2023."
BOS,harpero02,Ron Harper Jr.,"July 6, 2026",4,14000000,False,2029-30:team,,,,"2029-30 is a team option. 2028-29 is not guaranteed. Signed 4-yr/$14M contract July 6, 2026."
BOS,cenacch01,Chris Cenac Jr.,"July 5, 2026",4,15000000,False,,,,,"2028-29 and 2029-30 are team options. Signed 4-yr/$15M contract July 5, 2026."
BOS,gonzahu01,Hugo González,,,,,,,,,"2027-28 and 2028-29 are team options. Signed rookie scale contract on July 1, 2025."
BOS,garzalu01,Luka Garza,"July 7, 2025",2,5000000,False,,,,,"Signed 2-yr/$5M contract July 7, 2025."
BOS,scheiba01,Baylor Scheierman,,,,,,"October 30, 2025",,,"Option exercised October 30, 2025. 2026-27 and 2027-28 are team options. Signed rookie scale contract on July 6, 2024."
BOS,quetane01,Neemias Queta,"July 6, 2024",3,7000000,False,,,,,"Signed extension July 6, 2026. Team option exercised June 29, 2026. Signed 3-yr/$7M contract July 6, 2024 /2025-26 and 2026-27 are partially guaranteed."
BOS,cartede02,Devin Carter,,,,,,,,,"Signed Exhibit 10 contract September 14, 2026."
BOS,conlemi01,Mike Conley,,,,,,,,,"Signed 1-yr minimum contract July 6, 2026."
BOS,walshjo01,Jordan Walsh,"July 6, 2023",4,7600000,False,2026-27:team,"June 29, 2026",,,"Signed veteran extension July 23, 2026. Option exercised June 29, 2026. 2026-27 is a team option. 2025-26 is partially guaranteed. Signed 4-yr/$7.6M contract July 6, 2023."
BOS,uzanmi01,Milos Uzan,,,,,,,,,"Signed Exhibit 10 contract July 14, 2026."
BOS,devritu01,Tucker DeVries,,,,,,,,,"Signed Exhibit 10 contract July 14, 2026."
BOS,william01,Amari Williams,,,,,,,,,"Signed two-way contract July 1, 2026."
BOS,shulgma01,Max Shulga,,,,,2026-27:team,,,,"2026-27 is a team option. Signed 2-yr contract March 15, 2026."
BOS,mitchdi01,Dillon Mitchell,,,,,,,,,"Signed two-way contract August 5, 2026."
BRK,portemi01,Michael Porter Jr.,"September 29, 2021",5,179300000,True,,,DEN,"July 8, 2025","Traded from DEN to BRK July 8, 2025. 2026-27 is partially guaranteed. Signed 5-yr/$179.3M rookie scale extension September 29, 2021."
BRK,randlju01,Julius Randle,"July 15, 2025",3,100000000,False,2027-28:player,,MIN,"July 10, 2026","Traded from MIN to BRK July 10, 2026. 2027-28 is a player option. Signed 3-yr/$100M contract July 15, 2025."
BRK,mannte01,Terance Mann,"October 1, 2024",3,47000000,True,,,ATL,"July 7, 2025","Traded from ATL to BRK July 7, 2025. Signed 3-yr/$47M contract extension October 1, 2024."
BRK,sharpda01,Day'Ron Sharpe,"July 6, 2026",2,20000000,False,2027-28:team,,,,"2027-28 is a team option. Signed 2-yr/$20M contract July 6, 2026."
BRK,wagnemo01,Moritz Wagner,"July 31, 2026",2,19000000,False,,,,,"2027-28 is a mutual option. Signed 2-yr/$19M contract July 31, 2026."
BRK,brownmi02,Mikel Brown Jr.,"July 2, 2026",4,40000000,False,,,,,"2028-29 and 2029-30 are team options. Signed 4-yr/$40M contract July 2, 2026."
BRK,elliske01,Keon Ellis,"July 6, 2026",2,18000000,False,,,,,"2027-28 is a mutual option. Signed 2-yr/$18M contract July 6, 2026."
BRK,demineg01,Egor Dëmin,,,,,,,,,"2027-28 and 2028-29 are team options. Signed rookie scale contract on July 3, 2025."
BRK,clownno01,Noah Clowney,"July 11, 2023",4,15000000,False,,"October 22, 2025",,,"Option exercised October 22, 2025. Option exercised October 28, 2024. 2025-26 and 2026-27 are team options. Signed 4-yr/$15M rookie scale contract July 11, 2023."
BRK,minotjo01,Josh Minott,"July 6, 2026",2,9000000,False,2027-28:team,,,,"2027-28 is a team option. Signed 2-yr/$9M contract July 6, 2026."
BRK,traorno01,Nolan Traoré,,,,,,,,,"2027-28 and 2028-29 are team options. Signed rookie scale contract on July 4, 2025."
BRK,poweldr01,Drake Powell,,,,,,,,,"2027-28 and 2028-29 are team options. Signed rookie scale contract on July 8, 2025."
BRK,sarafbe01,Ben Saraf,,,,,,,,,"2027-28 and 2028-29 are team options. Signed rookie scale contract on July 3, 2025."
BRK,jeffejo01,Joshua Jefferson,"July 10, 2026",4,15000000,False,,,,,"2028-29 and 2029-30 are team options. Signed 4-yr/$15M contract July 10, 2026."
BRK,wolfda01,Danny Wolf,,,,,,,,,"2027-28 and 2028-29 are team options. Signed rookie scale contract on July 3, 2025."
BRK,bilodty01,Tyler Bilodeau,,,,,,,,,"Signed two-way contract July 2, 2026."
BRK,nelsogr02,Grant Nelson,,,,,,,,,"Signed two-way contract September 4, 2026."
CHO,reidna01,Naz Reid,"July 14, 2025",5,125000000,False,2029-30:player,,MIN,"July 10, 2026","Traded from MIN to CHO July 10, 2026. 2029-30 is a player option. Signed 5-yr/$125M contract July 14, 2025."
CHO,whiteco01,Coby White,"July 6, 2026",3,74000000,False,,,,,"Signed 3-yr/$74M contract July 6, 2026."
CHO,allengr01,Grayson Allen,"April 15, 2024",4,70000000,True,2027-28:player,,PHO,"July 13, 2026","Traded from PHO to CHO July 13, 2026. 2027-28 is a player option. Signed 4-yr/$70M contract extension April 15, 2024."
CHO,millebr02,Brandon Miller,"July 2, 2023",4,49000000,False,,"October 31, 2025",,,"Option exercised October 31, 2025. Option exercised October 30, 2024. 2025-26 and 2026-27 are team options. Signed 4-yr/$49M rookie scale contract July 2, 2023."
CHO,schrode01,Dennis Schröder,"July 7, 2025",3,44000000,False,,,SAC,"February 1, 2026","Traded from CLE to CHO from August 20, 2026. Traded from SAC to CLE February 1, 2026. 2027-28 is partially guaranteed. Signed 3-yr/$44M contract July 7, 2025 with DET and immediately traded to SAC."
CHO,willigr01,Grant Williams,"July 11, 2023",4,53000000,False,,,DAL,"February 8, 2024","Traded from DAL to CHO February 8, 2024. Traded from BOS to DAL July 12, 2023. Signed 4-yr/$53M contract July 11, 2023."
CHO,finnedo01,Dorian Finney-Smith,"July 6, 2025",4,53000000,False,2028-29:player,,HOU,"July 6, 2026","Traded from HOU to CHO July 6, 2026. 2028-29 is a player option. 2027-28 is not guaranteed. Signed 4-yr/$53M contract July 6, 2025."
CHO,onealro01,Royce O'Neale,"July 6, 2024",4,42000000,False,,,PHO,"July 13, 2026","Traded from PHO to CHO July 13, 2026. Signed 4-yr/$42M contract July 6, 2024."
CHO,knuepko01,Kon Knueppel,,,,,,,,,"2027-28 and 2028-29 are team options. Signed rookie scale contract on July 3, 2025."
CHO,salauti01,Tidjane Salaün,,,,,,"October 31, 2025",,,"Option exercised October 31, 2025. 2026-27 and 2027-28 are team options. Signed rookie scale contract on July 3, 2024."
CHO,steinha02,Hannes Steinbach,"July 6, 2026",4,25000000,False,,,,,"2028-29 and 2029-30 are team options. Signed 4-yr/$25M contract July 6, 2026."
CHO,anderch02,Christian Anderson Jr.,"July 6, 2026",4,21000000,False,,,,,"2028-29 and 2029-30 are team options. Signed 4-yr/$21M contract July 6, 2026."
CHO,connapa01,Pat Connaughton,,,,,,,,,"Team option exercised June 29, 2026. Signed for remainder of season February 9, 2026."
CHO,mcneeli01,Liam McNeeley,,,,,,,,,"2027-28 and 2028-29 are team options. Signed rookie scale contract on July 3, 2025."
CHO,diabamo01,Moussa Diabaté,"February 8, 2025",3,5500000,False,,,,,"2025-26 and 2026-27 are not guaranteed. Signed 3-yr/$5.5M contract February 8, 2025."
CHO,jamessi01,Sion James,"July 3, 2025",4,10000000,False,2028-29:team,,,,"2028-29 is a team option. 2027-28 is not guaranteed. Signed 4-yr/$10M contract July 3, 2025."
CHO,kalkbry01,Ryan Kalkbrenner,"July 3, 2025",4,10000000,False,2028-29:team,,,,"2028-29 is a team option. 2027-28 is not guaranteed. Signed 4-yr/$10M contract July 3, 2025."
CHO,bosweky01,Kylan Boswell,,,,,,,,,"Signed two-way contract July 6, 2026."
CHO,ajayimi01,Michael Ajayi,,,,,,,,,"Signed two-way contract July 6, 2026."
CHI,giddejo01,Josh Giddey,"September 24, 2025",4,100000000,False,,,,,"Signed 4-yr/$100M contract September 24, 2025."
CHI,claxtni01,Nic Claxton,"July 6, 2024",4,97000000,False,,,BRK,"July 10, 2026","Traded from BRK to CHI July 10, 2026. Signed 4-yr/$97M contract July 6, 2024."
CHI,powelno01,Norman Powell,"July 10, 2026",2,44000000,False,2027-28:team,,,,"2027-28 is a team option. Signed 2-yr/$44M contract July 10, 2026."
CHI,willipa01,Patrick Williams,"July 6, 2024",5,90000000,False,2028-29:player,,,,"2028-29 is a player option. Signed 5-yr/$90M contract July 6, 2024."
CHI,okorois01,Isaac Okoro,"September 17, 2024",3,38000000,False,,,CLE,"July 6, 2025","Traded from CLE to CHI July 6, 2025. Signed 3-yr/$38M contract September 17, 2024."
CHI,wilsoca01,Caleb Wilson,"July 3, 2026",4,49000000,False,,,,,"2028-29 and 2029-30 are team options. Signed 4-yr/$49M contract July 3, 2026."
CHI,smithja04,Jalen Smith,"July 8, 2024",3,27000000,False,,,,,"Signed 3-yr/$27M contract July 8, 2024."
CHI,colliza01,Zach Collins,"June 30, 2026",2,17000000,True,,,,,"Signed 2-yr/$17M contract extension June 30, 2026."
CHI,jonestr01,Tre Jones,"July 6, 2025",3,24000000,False,2027-28:team,,,,"2027-28 is a team option. Signed 3-yr/$24M contract July 6, 2025."
CHI,dilliro01,Rob Dillingham,,,,,,"October 17, 2025",MIN,"February 5, 2026","Traded from MIN to CHI February 5, 2026. Option exercised October 17, 2025. 2026-27 and 2027-28 are team options. Signed rookie scale contract on July 8, 2024."
CHI,buzelma01,Matas Buzelis,,,,,,"October 2, 2025",,,"Option exercised October 2, 2025. 2026-27 and 2027-28 are team options. Signed rookie scale contract on July 2, 2024."
CHI,essenno01,Noa Essengue,,,,,,,,,"2027-28 and 2028-29 are team options. Signed rookie scale contract on July 4, 2025."
CHI,swainda01,Dailyn Swain,"July 3, 2026",4,24000000,False,,,,,"2028-29 and 2029-30 are team options. Signed 4-yr/$24M contract July 3, 2026."
CHI,millele01,Leonard Miller,,,,,,,MIN,"February 5, 2026","Team option exercised June 26, 2026. Traded from MIN to CHI February 5, 2026. 2025-26 and 2026-27 are not guaranteed. Signed 4-yr contract July 8, 2023."
CHI,selleja01,Jaylin Sellers,,,,,,,,,"Signed two-way contract July 3, 2026."
CHI,awakato01,Tobe Awaka,,,,,,,,,"Signed two-way contract July 3, 2026."
CLE,mitchdo01,Donovan Mitchell,"July 7, 2024",3,150000000,True,2027-28:player,,,,"Option voided and extension signed July 8, 2026. 2027-28 is a player option. Signed 3-yr/$150M contract extension July 7, 2024."
CLE,mobleev01,Evan Mobley,"July 22, 2024",5,224000000,True,,,,,"Signed 5-yr/$224M contract extension July 22, 2024."
CLE,hardeja01,James Harden,"September 8, 2026",3,96500000,False,2028-29:player,,,,"2028-29 is a player option. Signed 3-yr/$96.5M contract September 8, 2026."
CLE,allenja01,Jarrett Allen,"August 2, 2024",3,91000000,True,,,,,"Signed 3-yr/$91M contract extension August 2, 2024."
CLE,watsope01,Peyton Watson,"August 20, 2026",4,88000000,False,2029-30:player,,DEN,"August 20, 2026","2029-30 is a player option. Traded from DEN to CLE August 20, 2026. Signed 4-yr/$88M contract August 20, 2026."
CLE,merrisa01,Sam Merrill,"July 6, 2025",4,38000000,False,,,,,"Signed 4-yr/$38M contract July 6, 2025."
CLE,tysonja01,Jaylon Tyson,,,,,,"October 22, 2025",,,"Option exercised October 22, 2025. 2026-27 and 2027-28 are team options. Signed rookie scale contract on July 2, 2024."
CLE,bryanth01,Thomas Bryant,,,,,,,,,"Signed 1-yr minimum contract July 7, 2026."
CLE,hezonma01,Mario Hezonja,,,,,,,,,"Signed 1-yr minimum contract July 31, 2026."
CLE,tomlina01,Nae'Qwan Tomlin,,,,,,,,,"Signed 2-yr contract February 11, 2026."
CLE,portecr01,Craig Porter Jr.,"February 14, 2024",4,8000000,False,,,,,"team option exercised June 22, 2026. Signed 4-yr/$8M contract February 14, 2024."
CLE,proctty01,Tyrese Proctor,"July 1, 2025",4,8700000,False,2028-29:team,,,,"2028-29 is a team option. 2027-28 is partially guaranteed. Signed 4-yr/$8.7M contract July 1, 2025."
CLE,thomame01,Meleek Thomas,"July 1, 2026",4,9000000,False,2029-30:team,,,,"2029-30 is a team option. Signed 4-yr/$9M contract July 1, 2026."
CLE,diopkh01,Khalifa Diop,"September 2, 2026",4,9000000,False,2029-30:team,,,,"2029-30 is a team option. 2027-28 and 2028-29 are not guaranteed. Signed 4-yr/$9M contract September 2, 2026."
CLE,udehjer01,Ernest Udeh Jr.,,,,,,,,,"Signed two-way contract July 1, 2026."
CLE,whitmca01,Cam Whitmore,"July 3, 2023",4,16000000,False,,"October 29, 2025",WAS,"August 20, 2026","Waived August 28, 2026. Traded from WAS to CLE August 20, 2026. Option exercised October 29, 2025. Traded from HOU to WAS July 6, 2025. Option exercised October 30, 2024. 2025-26 and 2026-27 are team options. Signed 4-yr/$16M rookie scale contract July 3, 2023."
CLE,rubiori01,Ricky Rubio,"July 7, 2022",3,18000000,False,,,,,"Retired January 4, 2024. 2024-25 is partially guaranteed. Signed 3-yr/$18M contract July 7, 2022."
DAL,irvinky01,Kyrie Irving,"July 6, 2025",3,119000000,False,2027-28:player,,,,"2027-28 is a player option. Signed 3-yr/$119M contract July 6, 2025."
DAL,washipj01,P.J. Washington,"September 10, 2025",4,89000000,True,,,,,"Signed 4-yr/$89M contract extension September 10, 2025."
DAL,gaffoda01,Daniel Gafford,"July 12, 2025",3,54000000,True,,,,,"Signed 3-yr/$54M contract extension July 12, 2025."
DAL,aldamsa01,Santi Aldama,"July 15, 2025",3,52500000,False,2027-28:team,,MEM,"July 8, 2026","Traded from MEM to DAL July 8, 2026. 2027-28 is a team option. Signed 3-yr/$52.5M contract July 15, 2025."
DAL,flaggco01,Cooper Flagg,,,,,,,,,"2027-28 and 2028-29 are team options. Signed rookie scale contract on July 2, 2025."
DAL,risacza01,Zaccharie Risacher,,,,,,"October 30, 2025",ATL,"July 19, 2026","Traded from ATL to DAL July 19, 2026. Option exercised October 30, 2025. 2026-27 and 2027-28 are team options. Signed rookie scale contract on July 6, 2024."
DAL,martica02,Caleb Martin,"July 6, 2024",4,35000000,False,2027-28:player,,PHI,"February 4, 2025","Traded from PHI to DAL February 4, 2025. 2027-28 is a player option. Signed 4-yr/$35M contract July 6, 2024."
DAL,marshna01,Naji Marshall,"July 6, 2024",3,27000000,False,,,,,"Signed extension August 2, 2026. Signed 3-yr/$27M contract July 6, 2024."
DAL,chrisma02,Max Christie,"July 6, 2024",4,32000000,False,2027-28:player,,LAL,"February 2, 2025","Traded from LAL to DAL February 2, 2025. 2027-28 is a player option. Signed 4-yr/$32M contract July 6, 2024."
DAL,livelde01,Dereck Lively II,,,,,,"October 20, 2025",,,"Option exercised October 20, 2025. Option exercised October 23, 2024. 2025-26 and 2026-27 are team options. Signed rookie scale contract on July 8, 2023."
DAL,johnsmo01,Morez Johnson Jr.,"July 2, 2026",4,31000000,False,,,,,"2028-29 and 2029-30 are team options. Signed 4-yr/$31M contract July 2, 2026."
DAL,sassema01,Marcus Sasser,"July 5, 2023",4,13000000,False,,"October 21, 2025",DET,"July 8, 2026","Traded from DET to DAL July 8, 2026. Option exercised October 21, 2025. Option exercised October 21, 2024. 2025-26 and 2026-27 are team options. Signed 4-yr/$13M rookie scale contract July 5, 2023."
DAL,delarse01,Sergio de Larrea,"July 3, 2026",4,16000000,False,,,,,"2028-29 and 2029-30 are team options. Signed 4-yr/$16M contract July 3, 2026."
DAL,biberta01,Tarik Biberovic,"July 10, 2026",2,6000000,False,2027-28:team,,,,"2027-28 is a team option. Signed 2-yr/$6M contract July 10, 2026."
DAL,cissemo01,Moussa Cisse,"July 19, 2026",2,5000000,False,,,,,"2026-27 is partially guaranteed and 2027-28 is not guaranteed. Signed 2-yr/$5M contract July 19, 2026."
DAL,lawalto01,Tobi Lawal,,,,,,,,,"Signed two-way contract July 3, 2026."
DAL,howarje01,Jett Howard,,,,,,,,,"Signed two-way contract July 20, 2026."
DAL,thompkl01,Klay Thompson,"July 6, 2024",3,50000000,False,,,GSW,"July 6, 2024","Waived August 21, 2026. Traded from GSW to DAL July 6, 2024. Signed 3-yr/$50M contract July 6, 2024."
DAL,mcgeeja01,JaVale McGee,"July 9, 2022",3,17000000,False,,,,,"Waived and contract stretched August 29, 2023. Signed 3-yr/$17M contract July 9, 2022."
DAL,prospol01,Olivier-Maxence Prosper,"July 16, 2023",4,14000000,False,,"October 23, 2024",,,"Waived August 29, 2025 and contract stretched. Option exercised October 23, 2024. 2025-26 and 2026-27 are team options. Signed 4-yr/$14M rookie scale contract July 16, 2023."
DEN,jokicni01,Nikola Jokić,"July 8, 2022",5,270000000,True,2027-28:player,,,,"2027-28 is a player option. Signed 5-yr/$270M extension July 8, 2022."
DEN,murraja01,Jamal Murray,"September 11, 2024",4,208000000,True,,,,,"Signed 4-yr/$208M contract extension September 11, 2024."
DEN,gordoaa01,Aaron Gordon,"October 21, 2024",3,104000000,True,2027-28:player,,,,"2027-28 is a player option. Signed 3-yr/$104M contract extension October 21, 2024."
DEN,johnsca02,Cameron Johnson,"July 6, 2023",4,108000000,False,,,BRK,"July 8, 2025","Traded from BRK to DEN July 8, 2025. Signed 4-yr/$108M contract July 6, 2023."
DEN,braunch01,Christian Braun,"October 20, 2025",5,125000000,True,,,,,"Signed 5-yr/$125M contract extension October 20, 2025."
DEN,nnajize01,Zeke Nnaji,"October 23, 2023",4,32000000,True,2027-28:player,,,,"2027-28 is a player option. Signed 4-yr/$32M contract extension October 23, 2023."
DEN,jonessp01,Spencer Jones,"July 31, 2026",2,12000000,False,,,,,"Signed 2-yr/$12M contract July 31, 2026."
DEN,strawju01,Julian Strawther,"July 6, 2023",4,12500000,False,,"October 22, 2025",,,"Option exercised October 22, 2025. Option exercised October 9, 2024. 2025-26 and 2026-27 are team options. Signed 4-yr/$12.5M rookie scale contract July 6, 2023."
DEN,holmeda01,DaRon Holmes,,,,,,"October 22, 2025",,,"Option exercised October 22, 2025. 2026-27 and 2027-28 are team options. Signed rookie scale contract on July 9, 2024."
DEN,walkelo01,Lonnie Walker IV,,,,,,,,,"Signed Exhibit 10 contract September 8, 2026."
DEN,jonesty01,Tyus Jones,,,,,,,,,"Signed 1-yr minimum contract July 14, 2026."
DEN,baglema01,Marvin Bagley III,,,,,,,,,"Signed 1-yr minimum contract July 15, 2026."
DEN,derozde01,DeMar DeRozan,,,,,,,,,"Signed 1-yr minimum contract September 8, 2026."
DEN,brazitr01,Trevon Brazile,,,,,,,,,"Signed 1-yr minimum contract July 10, 2026."
DEN,hopkibr01,Bryce Hopkins,,,,,,,,,"Signed two-way contract August 26, 2026."
DEN,whitmca01,Cam Whitmore,,,,,,,,,"Signed two-way contract September 18, 2026."
DET,cunnica01,Cade Cunningham,"July 10, 2024",5,224000000,True,,,,,"Signed 5-yr/$224M contract extension July 10, 2024."
DET,collijo01,John Collins,"July 7, 2026",3,51000000,False,,,LAC,"July 8, 2026","Traded from LAC to DET July 8, 2026. 2027-28 and 2028-29 are not guaranteed. Signed 3-yr/$51M contract July 7, 2026."
DET,robindu01,Duncan Robinson,"July 7, 2025",3,48000000,False,,,,,"2027-28 is not guaranteed. 2026-27 is partially guaranteed. Signed 3-yr/$48M contract July 7, 2025 with MIA and immediately traded to DET."
DET,joeis01,Isaiah Joe,"July 7, 2024",4,48000000,False,,,OKC,"July 6, 2026","Traded from OKC to DET July 6, 2026. Signed 4-yr/$48M contract July 7, 2024."
DET,thompau01,Ausar Thompson,"July 2, 2023",4,36000000,False,,"October 21, 2025",,,"Option exercised October 21, 2025. Option exercised October 21, 2024. 2025-26 and 2026-27 are team options. Signed 4-yr/$36M rookie scale contract July 2, 2023."
DET,hollaro01,Ron Holland,,,,,,"October 21, 2025",,,"Option exercised October 21, 2025. 2026-27 and 2027-28 are team options. Signed rookie scale contract on July 6, 2024."
DET,huertke01,Kevin Huerter,"July 9, 2026",3,27000000,False,,,,,"Signed 3-yr/$27M contract July 9, 2026."
DET,reedpa01,Paul Reed,"July 7, 2025",2,11000000,False,,,,,"Signed 2-yr/$11M contract July 7, 2025."
DET,okorieb01,Ebuka Okorie,"July 6, 2026",4,22000000,False,,,,,"2028-29 and 2029-30 are team options. Signed 4-yr/$22M contract July 6, 2026."
DET,jenkida01,Daniss Jenkins,,,,,2026-27:team,"June 29, 2026",,,"Option exercised June 29, 2026. 2026-27 is a team option. Signed for remainder of season February 8, 2026."
DET,greenja02,Javonte Green,"July 8, 2026",1,4000000,False,,,,,"Signed 1-yr/$4M contract July 8, 2026."
DET,princta02,Taurean Prince,"July 8, 2025",2,7000000,False,2026-27:player,"June 29, 2026",MIL,"July 8, 2026","Traded from MIL to DET July 8, 2026. Option exercised June 29, 2026. 2026-27 is a player option. Signed 2-yr/$7M contract July 8, 2025."
DET,harriga01,Gary Harris,"July 8, 2025",2,7500000,False,2026-27:player,"June 20, 2026",MIL,"July 8, 2026","Traded from MIL to DET July 8, 2026. Option exercised June 20, 2026. 2026-27 is a player option. Signed 2-yr/$7.5M contract July 8, 2025."
DET,smithto05,Tolu Smith,,,,,,"June 29, 2026",,,"Option exercised June 29, 2026. Signed 2-yr contract April 7, 2026."
DET,laniech01,Chaz Lanier,"July 7, 2025",4,8700000,False,2028-29:team,,,,"2028-29 is a team option. 2027-28 is not guaranteed. Signed 4-yr/$8.7M contract July 7, 2025."
DET,onyenug01,Ugonna Onyenso,,,,,,,,,"Signed two-way contract July 2, 2026."
DET,harklej01,Elijah Harkless,,,,,,,,,"Signed two-way contract July 8, 2026."
GSW,curryst01,Stephen Curry,"August 29, 2024",1,63000000,True,,,,,"Signed 1-yr/$63M contract extension August 29, 2024."
GSW,butleji01,Jimmy Butler,"February 6, 2025",2,113000000,True,2025-26:player,,MIA,"February 6, 2025","Traded from MIA to GSW February 6, 2025. Signed 2-yr/$113M contract extension February 6, 2025. 2025-26 is a player option. Signed 3-yr/$146M contract extension August 7, 2021."
GSW,greendr01,Draymond Green,"July 29, 2026",1,28000000,False,,,,,"Signed 1-yr/$28M contract July 29, 2026."
GSW,porzikr01,Kristaps Porziņģis,"June 30, 2026",2,40000000,True,2027-28:player,,,,"2027-28 is a player option. Signed 2-yr/$40M contract extension June 30, 2026."
GSW,moodymo01,Moses Moody,"October 21, 2024",3,38000000,True,,,,,"Signed 3-yr/$38M contract extension October 21, 2024."
GSW,horfoal01,Al Horford,"July 6, 2026",2,14000000,False,,,,,"Signed 2-yr/$14M contract July 6, 2026."
GSW,lendeya01,Yaxel Lendeborg,"July 1, 2026",4,28000000,False,,,,,"2028-29 and 2029-30 are team options. Signed 4-yr/$28M contract July 1, 2026."
GSW,podzibr01,Brandin Podziemski,"July 3, 2023",4,16000000,False,,"October 30, 2025",,,"Option exercised October 30, 2025. Option exercised October 30, 2024. 2025-26 and 2026-27 are team options. Signed 4-yr/$16M rookie scale contract July 3, 2023."
GSW,meltode01,De'Anthony Melton,"July 31, 2026",2,11000000,False,2027-28:player,,,,"2027-28 is a player option. Signed 2-yr/$11M contract July 31, 2026."
GSW,santogu01,Gui Santos,"February 28, 2026",3,15000000,True,2028-29:player,,,,"2028-29 is a player option. Signed 3-yr/$15M contract extension February 28, 2026."
GSW,bassech01,Charles Bassey,,,,,,,,,"Signed 1-yr minimum contract July 9, 2026."
GSW,niangge01,Georges Niang,,,,,,,,,"Signed 1-yr minimum contract August 25, 2026."
GSW,willibr03,Brandon Williams,,,,,,,,,"Signed 1-yr minimum contract August 26, 2026."
GSW,paytoga02,Gary Payton II,,,,,,,,,"Signed 1-yr minimum contract August 1, 2026."
GSW,tooheal01,Alex Toohey,,,,,,,,,"Signed Exhibit 10 contract September 9, 2026."
GSW,richawi02,Will Richard,"September 29, 2025",4,8700000,False,2028-29:team,,,,"2027-28 is not guaranteed and 2028-29 is a team option. Signed 4-yr/$8.7M contract September 29, 2025."
GSW,terryda01,Dalen Terry,,,,,,,,,"Signed Exhibit 10 contract August 27, 2026."
GSW,agbimob01,Obi Agbim,,,,,,,,,"Signed Exhibit 10 contract September 19, 2026."
GSW,boydni01,Nick Boyd,,,,,,,,,"Signed Exhibit 10 contract September 18, 2026."
HOU,duranke01,Kevin Durant,"October 19, 2025",2,90000000,True,,,,,"Signed 2-yr/$90M contract extension October 19, 2025."
HOU,sengual01,Alperen Şengün,"October 21, 2024",5,185000000,True,2029-30:player,,,,"2029-30 is a player option. Signed 5-yr/$185M rookie scale contract extension October 21, 2024."
HOU,vanvlfr01,Fred VanVleet,"July 6, 2025",2,50000000,False,2026-27:player,"June 29, 2026",,,"Option exercised June 29, 2026. 2026-27 is a player option. Signed 2-yr/$50M contract July 6, 2025."
HOU,smithja05,Jabari Smith Jr.,"July 6, 2025",5,122000000,True,,,,,"Signed 5-yr/$122M contract extension July 6, 2025."
HOU,easonta01,Tari Eason,"July 9, 2026",5,81500000,False,2030-31:player,,,,"2030-31 is a player option. Signed 5-yr/$81.5M contract July 9, 2026."
HOU,adamsst01,Steven Adams,"June 14, 2025",3,39000000,True,,,,,"Signed 3-yr/$39M contract extension June 14, 2025."
HOU,thompam01,Amen Thompson,"July 3, 2023",4,40000000,False,,"October 30, 2025",,,"Signed extension September 3, 2026. Option exercised October 30, 2025. Option exercised October 30, 2024. 2025-26 and 2026-27 are team options. Signed 4-yr/$40M rookie scale contract July 3, 2023."
HOU,sheppre01,Reed Sheppard,,,,,,"October 30, 2025",,,"Option exercised October 30, 2025. 2026-27 and 2027-28 are team options. Signed rookie scale contract on July 2, 2024."
HOU,capelca01,Clint Capela,"July 6, 2025",3,21000000,False,,,,,"Signed 3-yr/$21M contract July 6, 2025 with ATL and immediately traded to HOU."
HOU,smartma01,Marcus Smart,"July 10, 2026",2,12000000,False,2027-28:player,,,,"2027-28 is a player option. Signed 2-yr/$12M contract July 10, 2026."
HOU,phillju01,Julian Phillips,,,,,,,,,"Signed 1-yr minimum contract July 24, 2026."
HOU,tshieos01,Oscar Tshiebwe,,,,,,,,,"Signed 1-yr minimum contract July 23, 2026."
HOU,bogdabo01,Bogdan Bogdanović,,,,,,,,,"Signed 1-yr minimum contract July 8, 2026."
HOU,crawfis01,Isaiah Crawford,"July 22, 2026",2,5000000,False,,,,,"Signed 2-yr/$5M contract July 22, 2026."
HOU,tateja01,Jae'Sean Tate,,,,,,,,,"Signed 1-yr minimum contract July 23, 2026."
HOU,thornbr01,Bruce Thornton,"July 7, 2026",4,9000000,False,2029-30:team,,,,"2029-30 is a team option. 2027-28 and 2028-29 are not guaranteed. Signed 4-yr/$9M contract July 7, 2026."
HOU,copelqu01,Quadir Copeland,,,,,,,,,"Signed two-way contract July 7, 2026."
HOU,pedulse01,Sean Pedulla,,,,,,,,,"Signed two-way contract August 17, 2026."
HOU,castrra01,Rafael Castro,,,,,,,,,"Signed two-way contract August 26, 2026."
IND,halibty01,Tyrese Haliburton,"July 6, 2023",5,206000000,True,,,,,"Signed 5-yr/$206M contract extension July 6, 2023."
IND,siakapa01,Pascal Siakam,"July 6, 2024",4,189000000,False,,,,,"Signed 4-yr/$189M contract July 6, 2024."
IND,zubaciv01,Ivica Zubac,"September 3, 2024",3,59000000,True,,,LAC,"February 5, 2026","Traded from LAC to IND February 5, 2026. Signed 3-yr/$59M contract extension September 3, 2024."
IND,nembhan01,Andrew Nembhard,,,,,,,,,"Signed 3-year/$59M contract extension July 26, 2024."
IND,toppiob01,Obi Toppin,"July 6, 2024",4,58000000,False,,,,,"Signed 4-yr/$58M contract July 6, 2024."
IND,nesmiaa01,Aaron Nesmith,"October 23, 2023",3,33000000,True,,,,,"Signed extension October 20, 2025. Signed 3-yr/$33M extension contract October 23, 2023."
IND,mccontj01,T.J. McConnell,"September 3, 2024",4,45000000,True,2028-29:team,,,,"2028-29 is a team option. Signed 4-yr/$45M contract extension September 3, 2024."
IND,walkeja02,Jarace Walker,"July 1, 2023",4,28000000,False,,"October 21, 2025",,,"Option exercised October 21, 2025. Option exercised October 18, 2024. 2025-26 and 2026-27 are team options. Signed 4-yr/$28M rookie scale contract July 1, 2023."
IND,oubreke01,Kelly Oubre Jr.,"July 7, 2026",2,16500000,False,,,,,"Signed 2-yr/$16.5M contract July 7, 2026."
IND,sheppbe01,Ben Sheppard,"July 1, 2023",4,13000000,False,,"October 21, 2025",,,"Option exercised October 21, 2025. Option exercised October 18, 2024. 2025-26 and 2026-27 are team options. Signed 4-yr/$13M rookie scale contract July 1, 2023."
IND,huffja01,Jay Huff,"October 28, 2024",4,10000000,False,,,MEM,"July 6, 2025","Traded from MEM to IND July 6, 2025. Signed 4-yr/$10M contract October 28, 2024."
IND,nancela02,Larry Nance Jr.,,,,,,,,,"Signed 1-yr minimum contract July 9, 2026."
IND,furphjo01,Johnny Furphy,"July 6, 2024",4,8600000,False,2027-28:team,,,,"2027-28 is a team option. Signed 4-yr/$8.6M contract July 6, 2024."
IND,mastri01,Rienk Mast,,,,,,,,,"Signed Exhibit 10 contract September 18, 2026."
IND,keitake01,Keba Keita,,,,,,,,,"Signed Exhibit 10 contract September 18, 2026."
IND,jacksqu01,Quenton Jackson,,,,,,,,,"Signed 3-yr contract February 28, 2026."
IND,brownko01,Kobe Brown,,,,,,,,,"Signed two-way contract July 9, 2026."
IND,slawsja01,Jalen Slawson,,,,,,,,,"Signed two-way contract July 22, 2026."
IND,smithbr01,Braden Smith,,,,,,,,,"Signed two-way contract August 17, 2026."
LAC,garlada01,Darius Garland,"July 8, 2022",5,193000000,True,,,CLE,"February 4, 2026","Traded from CLE to LAC February 4, 2026. Signed 5-yr/$193M contract extension July 8, 2022."
LAC,ingrabr01,Brandon Ingram,"February 12, 2025",3,120000000,True,2027-28:player,,TOR,"September 14, 2026","Traded from TOR to LAC September 14, 2026. 2027-28 is a player option. Signed 3-yr/$120M contract extension February 12, 2025."
LAC,strusma01,Max Strus,"July 6, 2023",4,63000000,False,,,CLE,"August 20, 2026","Traded from CLE to LAC August 20, 2026. Traded from MIA to CLE July 6, 2023. Signed 4-yr/$63M sign and trade contract July 6, 2023."
LAC,hachiru01,Rui Hachimura,"July 6, 2026",2,28000000,False,2027-28:team,,,,"2027-28 is a team option. Signed 2-yr/$28M contract July 6, 2026."
LAC,jonesde02,Derrick Jones Jr.,"July 9, 2024",3,30000000,False,,,,,"Signed 3-yr/$30M contract July 9, 2024."
LAC,wagleke01,Keaton Wagler,"July 3, 2026",4,44000000,False,,,,,"2028-29 and 2029-30 are team options. Signed 4-yr/$44M contract July 3, 2026."
LAC,lopezbr01,Brook Lopez,"July 6, 2025",2,18000000,False,2026-27:team,"June 29, 2026",,,"Option exercised June 29, 2026. 2026-27 is a team option. Signed 2-yr/$18M contract July 6, 2025."
LAC,dickgr01,Gradey Dick,"July 2, 2023",4,21000000,False,,"October 21, 2025",TOR,"September 14, 2026","Traded from TOR to LAC September 14, 2026. Option exercised October 21, 2025. Option exercised October 29, 2024. 2025-26 and 2026-27 are team options. Signed 4-yr/$21M rookie scale contract July 2, 2023."
LAC,jacksis01,Isaiah Jackson,"July 11, 2025",3,21000000,False,,,IND,"February 5, 2026","Traded from IND to LAC February 5, 2026. Signed 3-yr/$21M contract July 11, 2025."
LAC,bealbr01,Bradley Beal,"August 13, 2026",2,13000000,False,2027-28:player,,,,"2027-28 is a player option. Signed 2-yr/$13M contract August 13, 2026."
LAC,batumni01,Nicolas Batum,"July 6, 2025",2,11700000,False,2026-27:team,,,,"2026-27 is a team option. Signed 2-yr/$11.7M contract July 6, 2025."
LAC,dunnkr01,Kris Dunn,"July 18, 2024",3,17000000,False,,,UTA,"July 18, 2024","Traded from UTA to LAC July 18, 2024. Signed 3-yr/$17M contract July 18, 2024."
LAC,millejo02,Jordan Miller,"July 9, 2026",3,15000000,False,2028-29:team,,,,"2028-29 is a team option. 2027-28 is not guaranteed. Signed 3-yr/$15M contract July 9, 2026."
LAC,konanya01,Yanic Konan Niederhäuser,,,,,,,,,"2027-28 and 2028-29 are team options. Signed rookie scale contract on July 7, 2025."
LAC,sandeko01,Kobe Sanders,"July 7, 2026",4,11000000,False,2029-30:team,,,,"2029-30 is a team option. 2028-29 is not guaranteed. Signed 4-yr/$11M contract July 7, 2026."
LAC,kawamyu01,Yuki Kawamura,,,,,,,,,"Signed Exhibit 10 contract August 8, 2026."
LAC,chrisca02,Cam Christie,"July 5, 2024",4,7900000,False,2027-28:team,,,,"2027-28 is a team option. 2026-27 is not guaranteed. Signed 4-yr/$7.9M contract July 5, 2024."
LAC,broomjo01,Johni Broome,"July 1, 2025",4,8700000,False,2028-29:team,,PHI,"July 28, 2026","Traded from PHI to LAC July 28, 2026. 2028-29 is a team option. 2027-28 is not guaranteed. Signed 4-yr/$8.7M contract July 1, 2025."
LAC,milleba01,Baba Miller,"July 9, 2026",4,9600000,False,2029-30:team,,,,"2029-30 is a team option. 2028-29 is not guaranteed. Signed 4-yr/$9.6M contract July 9, 2026."
LAC,martini01,Nick Martinelli,,,,,,,,,"Signed two-way contract July 5, 2026."
LAC,sharpja01,Jamarion Sharp,,,,,,,,,"Signed two-way contract August 6, 2026."
LAC,pickeja02,Jalen Pickett,,,,,,,,,"Signed two-way contract August 12, 2026."
LAL,doncilu01,Luka Dončić,"August 2, 2025",3,161000000,True,2028-29:player,,,,"2028-29 is a player option. Signed 3-yr/$161M contract extension August 2, 2025."
LAL,reaveau01,Austin Reaves,"July 12, 2026",4,185000000,False,2029-30:player,,,,"2029-30 is a player option. Signed 4-yr/$185M contract July 12, 2026."
LAL,kesslwa01,Walker Kessler,"July 8, 2026",4,130000000,False,2029-30:player,,UTA,"July 8, 2026","2029-30 is a player option. Traded from UTA to LAL July 8, 2026. Signed 4-yr/$130M contract July 8, 2026."
LAL,grimequ01,Quentin Grimes,"July 7, 2026",4,60000000,False,2029-30:player,,,,"2029-30 is a player option. Signed 4-yr/$60M contract July 7, 2026."
LAL,mamuksa01,Sandro Mamukelashvili,"July 7, 2026",4,52000000,False,2029-30:player,,,,"2029-30 is a player option. Signed 4-yr/$52M contract July 7, 2026."
LAL,vandeja01,Jarred Vanderbilt,"September 18, 2023",4,48000000,True,2027-28:player,,,,"2027-28 is a player option. Signed 4-yr/$48M contract extension September 18, 2023."
LAL,sextoco01,Collin Sexton,"July 11, 2026",2,19000000,False,,,,,"Signed 2-yr/$19M contract July 11, 2026."
LAL,hardyja02,Jaden Hardy,"October 22, 2024",3,18000000,True,2027-28:team,,WAS,"July 7, 2026","Traded from WAS to LAL July 7, 2026. Traded from DAL to WAS February 5, 2026. 2027-28 is a team option. Signed 3-yr/$18M contract extension October 22, 2024."
LAL,laravja01,Jake LaRavia,"July 6, 2025",2,12000000,False,,,,,"Signed 2-yr/$12M contract July 6, 2025."
LAL,knechda01,Dalton Knecht,,,,,,"October 20, 2025",,,"Option exercised October 20, 2025. 2026-27 and 2027-28 are team options. Signed rookie scale contract on July 2, 2024."
LAL,carrca01,Cameron Carr,"July 2, 2026",4,17000000,False,,,,,"2028-29 and 2029-30 are team options. Signed 4-yr/$17M contract July 2, 2026."
LAL,looneke01,Kevon Looney,,,,,,,,,"SIgned 1-yr minimum contract July 12, 2026."
LAL,willizi02,Ziaire Williams,,,,,,,,,"Signed 1-yr minimum contract July 19, 2026."
LAL,thybuma01,Matisse Thybulle,,,,,,,,,"Signed 1-yr minimum contract July 27, 2026."
LAL,jamesbr02,Bronny James,"July 2, 2024",4,7900000,False,2027-28:team,,,,"2027-28 is a team option. Signed 4-yr/$7.9M contract July 2, 2024."
LAL,thierad01,Adou Thiero,"July 7, 2025",3,6000000,False,2027-28:team,,,,"2027-28 is a team option. Signed 3-yr/$6M contract July 7, 2025."
LAL,rossch01,Chase Ross,,,,,,,,,"Signed Exhibit 10 contract September 18, 2026."
LAL,johnsme02,Meechie Johnson,,,,,,,,,"Signed Exhibit 10 contract September 18, 2026."
LAL,manonch01,Chris Mañon,,,,,,,,,"Signed two-way contract July 3, 2026."
LAL,okereak01,AK Okereke,,,,,,,,,"Signed two-way contract July 3, 2026."
LAL,smithni01,Nick Smith Jr.,,,,,,,,,"Signed 2-yr contract April 12, 2026."
LAL,kalumar01,Arthur Kaluma,,,,,,,,,"Signed two-way contract July 21, 2026."
MEM,grantje01,Jerami Grant,"July 9, 2023",5,160000000,False,2027-28:player,,POR,"June 29, 2026","Traded from POR to MEM June 29, 2026. 2027-28 is a player option. Signed 5-yr/$160M contract July 9, 2023."
MEM,stewais01,Isaiah Stewart,"July 11, 2023",4,60000000,True,2027-28:team,,DET,"July 8, 2026","Traded from DET to MEM July 8, 2026. 2027-28 is a team option. Signed 4-yr/$60M contract extension July 11, 2023."
MEM,boozeca02,Cameron Boozer,"July 14, 2026",4,54000000,False,,,,,"2028-29 and 2029-30 are team options. Signed 4-yr/$54M contract July 14, 2026."
MEM,jeromty01,Ty Jerome,"July 14, 2025",3,27700000,False,2027-28:player,,,,"2027-28 is a player option. Signed 3-yr/$27.7M contract July 14, 2025."
MEM,postqu01,Quinten Post,"July 8, 2026",3,26000000,False,,,,,"2027-28 and 2028-29 are not guaranteed. Signed 3-yr/$26M contract July 8, 2026."
MEM,hendrta01,Taylor Hendricks,"July 2, 2023",4,25000000,False,,"October 30, 2025",UTA,"February 3, 2026","Traded from UTA to MEM February 3, 2026. Option exercised October 30, 2025. Option exercised October 21, 2024. 2025-26 and 2026-27 are team options. Signed 4-yr/$25M rookie scale contract July 2, 2023."
MEM,hawkijo01,Jordan Hawkins,"July 3, 2023",4,21000000,False,,"October 17, 2025",NOP,"September 8, 2026","Traded from NOP to MEM September 8, 2026. Option exercised October 17, 2025. Option exercised October 4, 2024. 2025-26 and 2026-27 are team options. Signed 4-yr/$21M rookie scale contract July 3, 2023."
MEM,edeyza01,Zach Edey,,,,,,"October 21, 2025",,,"Option exercised October 21, 2025. 2026-27 and 2027-28 are team options. Signed rookie scale contract on July 6, 2024."
MEM,cowarce01,Cedric Coward,,,,,,,,,"2027-28 and 2028-29 are team options. Signed rookie scale contract on July 7, 2025."
MEM,russeda01,D'Angelo Russell,"July 6, 2025",2,11700000,False,2026-27:player,,WAS,"July 8, 2026","Traded from WAS to MEM July 8, 2026. Exercised player option June 19, 2026. Traded from DAL to WAS February 5, 2026. 2026-27 is a player option. Signed 2-yr/$11.7M contract July 6, 2025."
MEM,murrakr01,Kris Murray,"July 1, 2023",4,14000000,False,,"October 21, 2025",POR,"June 29, 2026","Traded from POR to MEM June 29, 2026. Option exercised October 21, 2025. Option exercised October 19, 2024. 2025-26 and 2026-27 are team options. Signed 4-yr/$14M rookie scale contract July 1, 2023."
MEM,claytwa01,Walter Clayton,,,,,,,UTA,"February 3, 2026","Traded from UTA to MEM February 3, 2026. 2027-28 and 2028-29 are team options. Signed rookie scale contract on July 2, 2025."
MEM,lopezka01,Karim López,"July 29, 2026",4,18000000,False,,,,,"2028-29 and 2029-30 are team options. Signed 4-yr/$18M contract July 29, 2026."
MEM,prospol01,Olivier-Maxence Prosper,,,,,,,,,"Team option exercised June 29, 2026. Signed 2-yr contract March 4, 2026."
MEM,pippesc02,Scotty Pippen Jr.,"October 16, 2024",4,10000000,False,,,,,"Signed 4-yr/$10M contract October 16, 2024."
MEM,spencca01,Cam Spencer,"July 14, 2025",4,10500000,False,2028-29:team,,,,"2028-29 is a team option. Signed 4-yr/$10.5M contract July 14, 2025."
MEM,jacksgg01,GG Jackson II,"February 9, 2024",4,8500000,False,2026-27:team,"June 29, 2026",,,"Option exercised June 29, 2026. 2026-27 is a team option. Signed 4-yr/$8.5M contract February 9, 2024."
MEM,wellsja01,Jaylen Wells,"July 6, 2024",4,7900000,False,2027-28:team,,,,"2027-28 is a team option. 2026-27 is partially guaranteed. Signed 4-yr/$7.9M contract July 6, 2024."
MEM,peavymi01,Micah Peavy,"July 7, 2025",4,8700000,False,2028-29:team,,NOP,"September 8, 2026","Traded from NOP to MEM September 8, 2026. 2028-29 is a team option. 2027-28 is not guaranteed. Signed 4-yr/$8.7M contract July 7, 2025."
MEM,caldwke01,Kentavious Caldwell-Pope,"July 6, 2024",3,66000000,False,2026-27:player,,ORL,"June 15, 2025","Waived July 25, 2026. Exercised player option June 19, 2026. Traded from ORL to MEM June 15, 2025. 2026-27 is a player option. Signed 3-yr/$66M contract July 6, 2024."
MEM,anthoco01,Cole Anthony,"October 23, 2023",3,39000000,True,2026-27:team,,ORL,"June 15, 2025","Waived July 12, 2025. Traded from ORL to MEM June 15, 2025. 2026-27 is a team option. Signed 3-yr/$39M contract extension October 23, 2023."
MEM,diakima01,Mamadi Diakite,,,,,,,BRK,"July 19, 2024","Waived August 27, 2024. Traded from BRK to MEM July 19, 2024. Traded from NYK to BRK July 6, 2024. Signed for remainder of season March 25, 2024."
MIA,antetgi01,Giannis Antetokounmpo,"October 23, 2023",3,177000000,True,2027-28:player,,MIL,"July 6, 2026","Traded from MIL to MIA July 6, 2026. 2027-28 is a player option. Signed 3-yr/$177M contract extension October 23, 2023."
MIA,adebaba01,Bam Adebayo,"July 6, 2024",3,165000000,True,2028-29:player,,,,"2028-29 is a player option. Signed 3-yr/$165M contract extension July 6, 2024."
MIA,wiggian01,Andrew Wiggins,"October 15, 2022",4,109000000,True,2026-27:player,"June 29, 2026",GSW,"February 6, 2025","Signed extension July 6, 2026. Option exercised June 29, 2026. Traded from GSW to MIA February 6, 2025. 2026-27 is a player option. Signed 4-yr/$109M contract extension October 15, 2022."
MIA,jovicni01,Nikola Jović,"October 3, 2025",4,62400000,False,,,,,"Signed 4-yr/$62.4M contract October 3, 2025."
MIA,portibo01,Bobby Portis,"July 6, 2025",3,44000000,False,2027-28:player,,MIL,"July 6, 2026","Traded from MIL to MIA July 6, 2026. 2027-28 is a player option. Signed 3-yr/$44M contract July 6, 2025."
MIA,mitchda01,Davion Mitchell,"July 7, 2025",2,24000000,False,,,,,"Signed 2-yr/$24M contract July 7, 2025."
MIA,hardati02,Tim Hardaway Jr.,"July 6, 2026",1,6500000,False,,,,,"Signed 1-yr/$6.5M contract July 6, 2026."
MIA,thompkl01,Klay Thompson,"August 23, 2026",2,11500000,False,2027-28:player,,,,"2027-28 is a player option. Signed 2-yr/$11.5M contract August 23, 2026."
MIA,smithdr01,Dru Smith,"August 16, 2025",3,7900000,False,2027-28:team,,,,"2027-28 is a team option. 2026-27 is not guaranteed. Signed 3-yr/$7.9M contract August 16, 2025."
MIA,richani01,Nick Richards,,,,,,,,,"Signed 1-yr minimum contract August 27, 2026."
MIA,fontesi01,Simone Fontecchio,"July 2, 2026",1,2500000,False,,,,,"Signed 1-yr/$2.5M contract July 2, 2026."
MIA,larsspe01,Pelle Larsson,,,,,2027-28:team,"June 24, 2026",,,"Option exercised June 24, 2026. 2027-28 is a team option. Signed 3-yr/$5.4M contract."
MIA,gardnmy01,Myron Gardner,"February 18, 2026",3,5500000,False,,,,,"Signed 3-yr/$5.5M contract February 18, 2026."
MIA,conwery01,Ryan Conwell,"July 1, 2026",3,6000000,False,2028-29:team,,,,"2028-29 is a team option. Signed 3-yr/$6M contract July 1, 2026."
MIA,hadlejv01,J'Vonne Hadley,,,,,,,,,"Signed Exhibit 10 contract August 27, 2026."
MIA,donaltr01,Tre Donaldson,,,,,,,,,"Signed two-way contract July 3, 2026."
MIA,youngja05,Jahmir Young,,,,,,,,,"Signed 2-yr contract April 11, 2026."
MIA,goldivl01,Vladislav Goldin,,,,,,,,,"Signed two-way contract July 16, 2026."
MIA,johnske10,Keshad Johnson,,,,,,,,,"Signed two-way contract August 27, 2026."
MIL,herroty01,Tyler Herro,"October 2, 2022",4,120000000,True,,,MIA,"July 6, 2026","Traded from MIA to MIL July 6, 2026. Signed 4-yr/$120M contract extension October 2, 2022."
MIL,turnemy01,Myles Turner,"July 6, 2025",4,109000000,False,2028-29:player,,,,"2028-29 is a player option. Signed 4-yr/$109M contract July 6, 2025."
MIL,kuzmaky01,Kyle Kuzma,"July 7, 2023",4,90000000,False,,,WAS,"February 6, 2025","Traded from WAS to MIL February 6, 2025. Signed 4-yr/$90M contract July 7, 2023."
MIL,trentga02,Gary Trent Jr.,"July 15, 2026",4,64000000,False,,,,,"Signed 4-yr/$64M contract July 15, 2026."
MIL,leverca01,Caris LeVert,"July 7, 2025",2,29000000,False,,,DET,"July 8, 2026","Traded from DET to MIL July 8, 2026. Signed 2-yr/$29M contract July 7, 2025."
MIL,greenaj01,A.J. Green,"October 17, 2025",4,45000000,True,,,,,"Signed 4-yr/$45M contract extension October 17, 2025."
MIL,burribr01,Brayden Burries,"July 5, 2026",4,29000000,False,,,,,"2028-29 and 2029-30 are team options. Signed 4-yr/$29M contract July 5, 2026."
MIL,jaqueja01,Jaime Jaquez Jr.,"July 1, 2023",4,17000000,False,,"September 22, 2025",MIA,"July 6, 2026","Traded from MIA to MIL July 6, 2026. Option exercised September 22, 2025. Option exercised September 5, 2024. 2025-26 and 2026-27 are team options. Signed 4-yr/$17M rookie scale contract July 1, 2023."
MIL,diengou01,Ousmane Dieng,"July 9, 2026",3,17000000,False,2028-29:team,,,,"2028-29 is a team option. Signed 3-yr/$17M contract July 9, 2026."
MIL,amentna01,Nate Ament,"July 8, 2026",4,26000000,False,,,,,"2028-29 and 2029-30 are team options. Signed 4-yr/$26M contract July 8, 2026."
MIL,porteke02,Kevin Porter Jr.,"July 7, 2025",2,11000000,False,2026-27:player,"June 25, 2026",,,"Option exercised June 25, 2026. 2026-27 is a player option. Signed 2-yr/$11M contract July 7, 2025."
MIL,wareke01,Kel'el Ware,,,,,,"September 22, 2025",MIA,"July 6, 2026","Traded from MIA to MIL July 6, 2026. Option exercised September 22, 2025. 2026-27 and 2027-28 are team options. Signed rookie scale contract on July 1, 2024."
MIL,rolliry01,Ryan Rollins,"July 8, 2025",3,12000000,False,2027-28:player,,,,"2027-28 is a player option. Signed 3-yr/$12M contract July 8, 2025."
MIL,jakucka01,Kasparas Jakučionis,,,,,,,MIA,"July 6, 2026","Traded from MIA to MIL July 6, 2026. 2027-28 and 2028-29 are team options. Signed rookie scale contract on July 1, 2025."
MIL,simsje01,Jericho Sims,"July 9, 2025",2,5000000,False,2026-27:player,"June 25, 2026",,,"Option exercised June 25, 2026. 2026-27 is a player option. Signed 2-yr/$5M contract July 9, 2025."
MIL,nancepe01,Pete Nance,"July 8, 2026",2,5000000,False,2027-28:team,,,,"2027-28 is a team option. Signed 2-yr/$5M contract July 8, 2026."
MIL,butlejo01,John Butler,,,,,,,,,"Signed Exhibit 10 contract September 3, 2026."
MIL,markobo01,Bogoljub Markovic,"July 1, 2026",4,9000000,False,2029-30:team,,,,"2029-30 is a team option. Signed 4-yr/$9M contract July 1, 2026."
MIL,stephja02,Jake Stephens,,,,,,,,,"Signed Exhibit 10 contract September 17, 2026."
MIL,joneska03,Kam Jones,,,,,,,,,"Signed two-way contract July 6, 2026."
MIL,lillada01,Damian Lillard,"July 9, 2022",2,122000000,True,2026-27:player,,POR,"September 27, 2023","Waived July 6, 2025. Traded from POR to MIL September 27, 2023. 2026-27 is a player option. Signed 2-yr/$122M contract extension July 9, 2022."
MIL,micicva01,Vasilije Micić,"July 17, 2023",3,23500000,False,,"June 28, 2025",CHO,"July 6, 2025","Waived July 6, 2025. Traded from CHO to MIL July 6, 2025. Traded from PHO to CHO June 30, 2025. Option exercised June 28, 2025. Traded from CHO to PHO February 6, 2025. Traded from OKC to CHO February 8, 2024. Signed 3-yr/$23.5M contract July 17, 2023."
MIN,edwaran01,Anthony Edwards,"July 8, 2023",5,206000000,True,,,,,"Signed 5-yr/$206M contract extension July 8, 2023."
MIN,ballla01,LaMelo Ball,"July 6, 2023",5,206000000,True,,,CHO,"July 10, 2026","Traded from CHO to MIN July 10, 2026. Signed 5-yr/$206M contract extension July 6, 2023."
MIN,goberru01,Rudy Gobert,"October 24, 2024",3,110000000,True,,,,,"Signed 3-yr/$110M contract extension October 24, 2024."
MIN,mcdanja02,Jaden McDaniels,"October 23, 2023",5,131000000,True,,,,,"Signed 5-yr/$131M contract extension October 23, 2023."
MIN,dosunay01,Ayo Dosunmu,"July 10, 2026",5,112000000,False,2030-31:player,,,,"2030-31 is a player option. Signed 5-yr/$112M contract July 10, 2026."
MIN,divindo01,Donte DiVincenzo,"July 8, 2023",4,50000000,False,,,NYK,"October 2, 2024","Traded from NYK to MIN October 2, 2024. Signed 4-yr/$50M contract July 8, 2023."
MIN,kuminjo01,Jonathan Kuminga,"September 3, 2026",2,12400000,False,2027-28:player,,,,"2027-28 is a player option. Signed 2-yr/$12.4M contract September 3, 2026."
MIN,willico04,Cody Williams,,,,,,"October 30, 2025",UTA,"August 29, 2026","Traded from UTA to MIN August 29, 2026. Option exercised October 30, 2025. 2026-27 and 2027-28 are team options. Signed rookie scale contract on July 2, 2024."
MIN,berinjo01,Joan Beringer,,,,,,,,,"2027-28 and 2028-29 are team options. Signed rookie scale contract on July 7, 2025."
MIN,clarkja02,Jaylen Clark,"July 10, 2026",3,10000000,False,,,,,"Signed 3-yr/$10M contract July 10, 2026."
MIN,hylanbo01,Bones Hyland,"July 3, 2026",1,2800000,False,,,,,"Signed 1-yr/$2.8M contract July 3, 2026."
MIN,shannte01,Terrence Shannon Jr.,,,,,,"October 17, 2025",,,"Option exercised October 17, 2025. 2026-27 and 2027-28 are team options. Signed rookie scale contract on July 8, 2024."
MIN,lylestr01,Trey Lyles,,,,,,,,,"Signed 1-yr minimum contract July 10, 2026."
MIN,evansis01,Isaiah Evans,"July 11, 2026",4,9000000,False,2029-30:team,,,,"2029-30 is a team option. Signed 4-yr/$9M contract July 11, 2026."
MIN,freemen01,Enrique Freeman,,,,,,,,,"Signed two-way contract July 2, 2026."
MIN,konchjo01,John Konchar,"July 7, 2022",3,18500000,True,,,UTA,"August 29, 2026","Waived August 29, 2026. Traded from UTA to MIN August 29, 2026. Traded from MEM to UTA February 3, 2026. Signed 3-yr/$18.5M contract extension July 7, 2022."
NOP,willizi01,Zion Williamson,"July 6, 2022",5,193000000,True,,,,,"Signed 5-yr/$193M extension July 6, 2022."
NOP,poolejo01,Jordan Poole,"October 15, 2022",4,140000000,True,,,WAS,"July 6, 2025","Traded from WAS to NOP July 6, 2025. Traded from GSW to WAS July 6, 2023. Signed 4-yr/$140M rookie scale extension October 15, 2022."
NOP,murrade01,Dejounte Murray,"July 9, 2023",4,114000000,True,2027-28:player,,ATL,"July 6, 2024","Traded from ATL to NOP July 6, 2024. 2027-28 is a player option. Signed 4-yr/$114M contract extension July 9, 2023."
NOP,murphtr02,Trey Murphy III,"October 21, 2024",4,112000000,True,,,,,"Signed 4-yr/$112M contract extension October 21, 2024."
NOP,joneshe01,Herbert Jones,"July 14, 2025",3,68000000,False,,,,,"Signed 3-yr/$68M contract July 14, 2025. Signed 4-yr/$56M contract July 6, 2023."
NOP,fearsje01,Jeremiah Fears,,,,,,,,,"2027-28 and 2028-29 are team options. Signed rookie scale contract on July 5, 2025."
NOP,mathube01,Bennedict Mathurin,"September 10, 2026",2,16000000,False,2027-28:player,,,,"2027-28 is a player option. Signed 2-yr/$16M contract September 10, 2026."
NOP,beysa01,Saddiq Bey,"July 11, 2024",3,19000000,False,,,WAS,"July 6, 2025","Signed extension September 17, 2026. Traded from WAS to NOP July 6, 2025. Signed 3-yr/$19M contract July 11, 2024."
NOP,queende01,Derik Queen,,,,,,,,,"2027-28 and 2028-29 are team options. Signed rookie scale contract on July 5, 2025."
NOP,jordade01,DeAndre Jordan,"July 10, 2026",2,8000000,False,,,,,"Signed 2-yr/$8M contract July 10, 2026."
NOP,missiyv01,Yves Missi,,,,,,"October 17, 2025",,,"Option exercised October 17, 2025. 2026-27 and 2027-28 are team options. Signed rookie scale contract on July 8, 2024."
NOP,johnsaj01,AJ Johnson,,,,,,"October 29, 2025",MEM,"September 8, 2026","Traded from MEM to NOP September 8, 2026. Traded from DAL to MEM July 8, 2026. Traded from WAS to DAL February 5, 2026. Option exercised October 29, 2025. Traded from MIL to WAS February 6, 2025. 2026-27 and 2027-28 are team options. Signed rookie scale contract on July 5, 2024."
NOP,kolokch01,Christian Koloko,,,,,,,,,"Signed 1-yr minimum non-guaranteed contract July 28, 2026."
NOP,houstca01,Caleb Houstan,,,,,,,,,"Signed 1-yr minimum non-guaranteed contract August 4, 2026."
NOP,mcgowbr01,Bryce McGowens,,,,,,,,,"Signed 3-yr contract February 20, 2026."
NOP,bufkiko01,Kobe Bufkin,,,,,,,,,"Signed 1-yr minimum non-guaranteed contract July 25, 2026."
NOP,watfotr01,Trendon Watford,,,,,,,,,"Signed 1-yr minimum contract August 17, 2026."
NOP,matkoka01,Karlo Matković,"July 13, 2024",3,5400000,False,2026-27:team,"June 25, 2026",,,"Option exercised June 25, 2026. 2026-27 is a team option. Signed 3-yr/$5.4M contract July 13, 2024."
NOP,pierrja01,Jaron Pierre Jr.,,,,,,,,,"Signed two-way contract July 23, 2026."
NOP,diama01,Malik Dia,,,,,,,,,"Signed two-way contract August 18, 2026."
NOP,gibsota01,Taj Gibson,,,,,,,MEM,"September 8, 2026","Waived September 9, 2026. Traded from MEM to NOP September 8, 2026. 2026-27 is non guaranteed. Signed 2-yr contract February 26, 2026."
NOP,dickihu01,Hunter Dickinson,,,,,,,,,"Ended August 18, 2026. Signed two-way contract July 7, 2026."
NYK,townska01,Karl-Anthony Towns,"July 7, 2022",4,224000000,False,2027-28:player,,MIN,"October 2, 2024","Traded from MIN to NYK October 2, 2024. 2027-28 is a player option. Signed 4-yr/$224M contract July 7, 2022."
NYK,anunoog01,OG Anunoby,"July 6, 2024",5,212500000,False,2028-29:player,,,,"2028-29 is a player option. Signed 5-yr/$212.5M contract July 6, 2024."
NYK,brunsja01,Jalen Brunson,"July 12, 2024",4,157000000,False,2028-29:player,,,,"2028-29 is a player option. Signed 4-yr/$157M contract July 12, 2024."
NYK,bridgmi01,Mikal Bridges,"August 1, 2025",4,150000000,True,2029-30:player,,,,"2029-30 is a player option. Signed 4-yr/$150M extension contract August 1, 2025."
NYK,hartjo01,Josh Hart,"August 10, 2023",4,81000000,True,,,,,"Signed 4-yr/$81M contract extension August 10, 2023."
NYK,shamela01,Landry Shamet,"July 6, 2026",4,24000000,False,,,,,"Signed 4-yr/$24M contract July 6, 2026."
NYK,alvarjo01,Jose Alvarado,"July 6, 2026",3,15000000,False,,,,,"Signed 3-yr/$15M contract July 6, 2026."
NYK,mcbrimi01,Miles McBride,"December 30, 2023",3,13000000,True,,,,,"Signed 3-yr/$13M contract extension December 30, 2023."
NYK,dadiepa01,Pacôme Dadiet,,,,,,"October 31, 2025",,,"Option exercised October 31, 2025. 2026-27 and 2027-28 are team options. Signed rookie scale contract on July 3, 2024."
NYK,brownbr01,Bruce Brown,,,,,,,,,"Signed 1-yr minimum contract September 16, 2026."
NYK,agbajoc01,Ochai Agbaji,,,,,,,,,"Signed 1-yr minimum contract September 16, 2026."
NYK,wisemja01,James Wiseman,,,,,,,,,"Signed 1-yr minimum contract September 16, 2026."
NYK,eubandr01,Drew Eubanks,,,,,,,,,"Signed 1-yr minimum contract September 16, 2026."
NYK,konchjo01,John Konchar,,,,,,,,,"Signed 1-yr minimum contract September 16, 2026."
NYK,clarkjo01,Jordan Clarkson,,,,,,,,,"Signed 1-yr minimum contract July 10, 2026."
NYK,drumman01,Andre Drummond,,,,,,,,,"Signed 1-yr minimum contract July 6, 2026."
NYK,kolekty01,Tyler Kolek,"July 4, 2024",4,9000000,False,2027-28:team,,,,"2027-28 is a team option. Signed 4-yr/$9M contract July 4, 2024."
NYK,diawamo01,Mohamed Diawara,"July 6, 2026",4,10000000,False,,,,,"Signed 4-yr/$10M contract July 6, 2026."
OKC,willija06,Jalen Williams,"July 13, 2025",5,240000000,True,,,,,"Signed 5-yr/$240M contract extension July 13, 2025."
OKC,holmgch01,Chet Holmgren,"July 13, 2025",5,240000000,True,,,,,"Signed 5-yr/$240M contract extension July 13, 2025."
OKC,gilgesh01,Shai Gilgeous-Alexander,"August 6, 2021",5,179000000,True,,,,,"Signed 5-yr/$179M extension August 6, 2021."
OKC,harteis01,Isaiah Hartenstein,"July 6, 2026",3,75000000,False,,,,,"2028-29 is a mutual option. Signed 3-yr/$75M contract July 6, 2026."
OKC,carusal01,Alex Caruso,"December 22, 2024",4,81000000,True,,,,,"Signed 4-yr/$81M contract extension December 22, 2024."
OKC,willija07,Jaylin Williams,"June 29, 2025",3,24000000,True,2027-28:team,,,,"2027-28 is a team option. Signed 3-yr/$24M contract extension June 29, 2025."
OKC,wallaca01,Cason Wallace,"July 7, 2023",4,24000000,False,,"October 19, 2025",,,"Option exercised October 19, 2025. Option exercised October 23, 2024. 2025-26 and 2026-27 are team options. Signed 4-yr/$24M rookie scale contract July 7, 2023."
OKC,maraad01,Aday Mara,"July 3, 2026",4,27000000,False,,,,,"2028-29 and 2029-30 are team options. Signed 4-yr/$27M contract July 3, 2026."
OKC,topicni01,Nikola Topić,,,,,,"October 19, 2025",,,"Option exercised October 19, 2025. 2026-27 and 2027-28 are team options. Signed rookie scale contract on July 6, 2024."
OKC,willike04,Kenrich Williams,"July 6, 2026",1,5000000,False,,,,,"Signed 1-yr/$5M contract July 6, 2026."
OKC,sorbeth01,Thomas Sorber,,,,,,,,,"2027-28 and 2028-29 are team options. Signed rookie scale contract on July 3, 2025."
OKC,stirtbe01,Bennett Stirtz,"July 3, 2026",4,23000000,False,,,,,"2028-29 and 2029-30 are team options. Signed 4-yr/$23M contract July 3, 2026."
OKC,mccaija01,Jared McCain,,,,,,"October 30, 2025",PHI,"February 4, 2026","Traded from PHI to OKC February 4, 2026. Option exercised October 30, 2025. 2026-27 and 2027-28 are team options. Signed rookie scale contract on July 4, 2024."
OKC,mitchaj01,Ajay Mitchell,"July 6, 2025",3,9000000,False,2027-28:team,,,,"2027-28 is a team option. 2026-27 is not guaranteed. Signed 3-yr/$9M contract July 6, 2025."
OKC,tillych01,Christoph Tilly,,,,,,,,,"Signed Exhibit 10 contract September 14, 2026."
OKC,dixjo01,Josh Dix,,,,,,,,,"Signed two-way contract July 3, 2026."
OKC,barnhbr01,Brooks Barnhizer,,,,,,,,,"Signed two-way contract July 3, 2026."
OKC,owehot01,Otega Oweh,,,,,,,,,"Signed two-way contract July 3, 2026."
ORL,wagnefr01,Franz Wagner,"July 6, 2024",5,224000000,False,,,,,"Signed 5-yr/$224M contract July 6, 2024."
ORL,banchpa01,Paolo Banchero,"July 7, 2025",5,240000000,True,2030-31:player,,,,"2030-31 is a player option. Signed 5-yr/$240M contract extension July 7, 2025."
ORL,banede01,Desmond Bane,"July 8, 2023",5,206000000,True,,,MEM,"June 15, 2025","Traded from MEM to ORL June 15, 2025. Signed 5-yr/$206M contract extension July 8, 2023."
ORL,suggsja01,Jalen Suggs,"October 21, 2024",5,151000000,True,,,,,"Signed 5-yr/$151M contract extension October 21, 2024."
ORL,cartewe01,Wendell Carter Jr.,"October 8, 2024",3,59000000,True,,,,,"Signed 3-yr/$59M contract extension October 8, 2024."
ORL,blackan01,Anthony Black,"July 1, 2023",4,33000000,False,,"October 29, 2025",,,"Option exercised October 29, 2025. Option exercised October 4, 2024. 2025-26 and 2026-27 are team options. Signed 4-yr/$33M rookie scale contract July 1, 2023."
ORL,bitadgo01,Goga Bitadze,"July 6, 2024",3,25000000,False,,,,,"Signed 3-yr/$25M contract July 6, 2024."
ORL,dasiltr01,Tristan Da Silva,,,,,,"October 29, 2025",,,"Option exercised October 29, 2025. 2026-27 and 2027-28 are team options. Signed rookie scale contract on July 6, 2024."
ORL,richaja02,Jase Richardson,,,,,,,,,"2027-28 and 2028-29 are team options. Signed rookie scale contract on July 3, 2025."
ORL,davisjd01,JD Davison,,,,,,,,,"Signed Exhibit 10 contract September 3, 2026."
ORL,cainja01,Jamal Cain,,,,,2026-27:team,"June 29, 2026",,,"Option exercised June 29, 2026. 2026-27 is a team option. Signed 2-yr contract March 20, 2026."
ORL,branhma01,Malaki Branham,,,,,,,,,"Signed Exhibit 10 contract September 3, 2026."
ORL,vucevni01,Nikola Vučević,,,,,,,,,"Signed 1-yr minimum contract July 1, 2026."
ORL,carteje01,Jevon Carter,,,,,,,,,"Signed 1-yr minimum contract July 1, 2026."
ORL,isaacjo01,Jonathan Isaac,,,,,,,,,"Signed 1-yr minimum contract July 1, 2026."
ORL,pendano01,Noah Penda,"July 4, 2025",4,8700000,False,2028-29:team,,,,"2028-29 is a team option. 2027-28 is a not guaranteed. Signed 4-yr/$8.7M contract July 4, 2025."
ORL,nelsoiz01,Izaiyah Nelson,,,,,,,,,"Signed two-way contract July 1, 2026."
ORL,castlco01,Colin Castleton,,,,,,,,,"Signed two-way contract July 1, 2026."
ORL,isaacjo01,Jonathan Isaac,"July 6, 2024",4,59000000,True,,,,,"Waived June 27, 2026. Signed 4-yr/$59M contract extension July 6, 2024."
PHI,embiijo01,Joel Embiid,"September 19, 2024",3,193000000,True,2028-29:player,,,,"2028-29 is a player option. Signed 3-yr/$193M contract extension September 19, 2024."
PHI,brownja02,Jaylen Brown,"July 26, 2023",5,304000000,True,,,BOS,"July 6, 2026","Traded from BOS to PHI July 6, 2026. Signed 5-yr/$304M contract extension July 26, 2023."
PHI,maxeyty01,Tyrese Maxey,"July 7, 2024",5,204000000,False,,,,,"Signed 5-yr/$204M contract July 7, 2024."
PHI,edgecvj01,VJ Edgecombe,,,,,,,,,"2027-28 and 2028-29 are team options. Signed rookie scale contract on July 1, 2025."
PHI,wadede01,Dean Wade,"July 6, 2026",4,39000000,False,,,,,"Signed 4-yr/$39M contract July 6, 2026."
PHI,simonan01,Anfernee Simons,"July 6, 2026",2,12000000,False,2027-28:player,,,,"2027-28 is a player option. Signed 2-yr/$12M contract July 6, 2026."
PHI,jamesle01,LeBron James,"July 26, 2026",2,8000000,False,2027-28:player,,,,"2027-28 is a player option. Signed 2-yr/$8M contract July 26, 2026."
PHI,philola01,Labaron Philon Jr.,"July 3, 2026",4,18000000,False,,,,,"2028-29 and 2029-30 are team options. Signed 4-yr/$18M contract July 3, 2026."
PHI,barlodo01,Dominick Barlow,,,,,2026-27:team,"June 29, 2026",,,"Option exercised June 29, 2026. 2026-27 is a team option. Signed 2-year minimum contract February 5, 2026."
PHI,hukpoar01,Ariel Hukporti,"July 6, 2026",1,3400000,False,,,,,"Signed 1-yr/$3.4M contract July 6, 2026."
PHI,walkeja01,Jabari Walker,,,,,,,,,"2026-27 is partially guaranteed. Signed 2-yr contract February 19, 2026."
PHI,caldwke01,Kentavious Caldwell-Pope,,,,,,,,,"Signed 1-yr minimum contract August 5, 2026."
PHI,jonesdi01,Dillon Jones,,,,,,,,,"Signed Exhibit 10 contract September 8, 2026."
PHI,edwarju01,Justin Edwards,"July 6, 2025",3,7000000,False,2027-28:team,,,,"2027-28 is a team option. Signed 3-yr/$7M contract July 6, 2025."
PHI,bonaad01,Adem Bona,"July 21, 2024",4,8000000,False,2027-28:team,,,,"2027-28 is a team option. Signed 4-yr/$8M contract July 21, 2024."
PHI,thomasa03,Saint Thomas,,,,,,,,,"Signed Exhibit 10 contract September 1, 2026."
PHI,nelsoja02,Jameer Nelson Jr.,,,,,,,,,"Signed Exhibit 10 contract September 1, 2026."
PHI,fallta01,Tacko Fall,,,,,,,,,"Signed Exhibit 10 contract September 1, 2026."
PHI,loveca01,Caleb Love,,,,,,,,,"Signed two-way contract July 5, 2026."
PHI,milesdu01,Duke Miles,,,,,,,,,"Signed Exhibit 10 contract July 7, 2026."
PHI,ruperra01,Rayan Rupert,,,,,,,,,"Signed two-way contract July 8, 2026."
PHO,bookede01,Devin Booker,"July 6, 2022",4,224000000,True,,,,,"Signed 4-yr/$224M extension July 6, 2022."
PHO,greenja05,Jalen Green,"October 21, 2024",3,105000000,True,2027-28:player,,HOU,"July 6, 2025","Traded from HOU to PHO July 6, 2025. 2027-28 is a player option. Signed 3-yr/$105M contract extension October 21, 2024."
PHO,bridgmi02,Miles Bridges,"July 14, 2024",3,75000000,False,,,CHO,"July 13, 2026","Traded from CHO to PHO July 13, 2026. Signed 3-yr/$75M contract July 14, 2024."
PHO,brookdi01,Dillon Brooks,"July 8, 2023",4,86000000,False,,,HOU,"July 6, 2025","Signed extension August 8, 2026. Traded from HOU to PHO July 6, 2025. Traded from MEM to HOU July 8, 2023. Signed 4-yr/$86M contract July 8, 2023."
PHO,willima07,Mark Williams,"July 7, 2026",3,38000000,False,,,,,"Signed 3-yr/$38M contract July 7, 2026."
PHO,gilleco01,Collin Gillespie,"July 7, 2026",4,48000000,False,,,,,"Signed 4-yr/$48M contract July 7, 2026."
PHO,maluakh01,Khaman Maluach,,,,,,,,,"2027-28 and 2028-29 are team options. Signed rookie scale contract on July 7, 2025."
PHO,kennalu01,Luke Kennard,"July 14, 2026",2,12000000,False,2027-28:player,,,,"2027-28 is a player option. Signed 2-yr/$12M contract July 14, 2026."
PHO,goodwjo01,Jordan Goodwin,"July 7, 2026",3,19000000,False,2028-29:player,,,,"2028-29 is a player option. Signed 3-yr/$19M contract July 7, 2026."
PHO,peatko01,Koa Peat,"July 1, 2026",4,15000000,False,,,,,"2028-29 and 2029-30 are team options. Signed 4-yr/$15M contract July 1, 2026."
PHO,dunnry01,Ryan Dunn,,,,,,"October 1, 2025",,,"Option exercised October 1, 2025. 2026-27 and 2027-28 are team options. Signed rookie scale contract on July 2, 2024."
PHO,bouyeja01,Jamaree Bouyea,,,,,,,,,"Team option exercised June 29, 2026. Signed 2-yr contract March 2, 2026."
PHO,highsha01,Haywood Highsmith,,,,,,,,,"Signed 1-yr minimum contract August 17, 2026."
PHO,ighodos01,Oso Ighodaro,"July 4, 2024",4,7900000,False,2027-28:team,,,,"2027-28 is a team option. 2026-27 is partially guaranteed. Signed 4-yr/$7.9M contract July 4, 2024."
PHO,flemira01,Rasheer Fleming,"July 7, 2025",4,8700000,False,2028-29:team,,,,"2028-29 is a team option. Signed 4-yr/$8.7M contract July 7, 2025."
PHO,spencpa01,Pat Spencer,,,,,,,,,"Signed two-way contract July 3, 2026."
PHO,breako01,Koby Brea,,,,,,,,,"Signed two-way contract July 6, 2026."
PHO,bealbr01,Bradley Beal,"July 6, 2022",5,251000000,False,2026-27:player,,WAS,"June 23, 2023","Waived by PHO July 16, 2025. Traded from WAS to PHO June 23, 2023. 2026-27 is a player option. Signed 5-yr/$251M contract July 6, 2022."
PHO,littlna01,Nassir Little,"October 17, 2022",4,28000000,True,,,POR,"September 27, 2023","Waived August 27, 2024. Traded from POR to PHO September 27, 2023. Signed 4-yr/$28M contract extension October 17, 2022."
PHO,highsha01,Haywood Highsmith,,,,,,,,,"Waived August 12, 2026. 2026-27 is partially guaranteed. Signed 2-yr contract February 18, 2026."
PHO,liddeej01,E.J. Liddell,"July 6, 2023",3,6200000,False,2025-26:team,,ATL,"July 29, 2024","Waived August 27, 2024. Traded from ATL to PHO July 29, 2024. Traded from NOP to ATL July 6, 2024. 2025-26 is a team option. Signed 3-yr/$6.2M contract July 6, 2023."
POR,moranja01,Ja Morant,"July 6, 2022",5,193000000,True,,,MEM,"June 29, 2026","Traded from MEM to POR June 29, 2026. Signed 5-yr/$193M extension July 6, 2022."
POR,holidjr01,Jrue Holiday,"April 11, 2024",4,135000000,True,,,BOS,"July 7, 2025","Traded from BOS to POR July 7, 2025. Signed 4-yr/$135M contract extension April 11, 2024."
POR,sharpsh01,Shaedon Sharpe,"October 20, 2025",4,90000000,True,,,,,"Signed 4-yr/$90M contract extension October 20, 2025."
POR,camarto01,Toumani Camara,"October 19, 2025",4,81000000,True,,,,,"Signed 4-yr/$81M contract extension October 19, 2025."
POR,williro04,Robert Williams,"June 30, 2026",3,44000000,True,,,,,"Signed 3-yr/$44M contract extension June 30, 2026."
POR,hendesc01,Scoot Henderson,"July 1, 2023",4,44000000,False,,"October 21, 2025",,,"Option exercised October 21, 2025. Option exercised October 19, 2024. 2025-26 and 2026-27 are team options. Signed 4-yr/$44M rookie scale contract July 1, 2023."
POR,lillada01,Damian Lillard,"July 19, 2025",3,41000000,False,2027-28:player,,,,"2027-28 is a player option. Signed 3-yr/$41M contract July 19, 2025."
POR,avdijde01,Deni Avdija,"October 23, 2023",4,55000000,True,,,WAS,"July 6, 2024","Traded from WAS to POR July 6, 2024. Signed 4-yr/$55M contract extension October 23, 2023."
POR,clingdo01,Donovan Clingan,,,,,,"October 21, 2025",,,"Option exercised October 21, 2025. 2026-27 and 2027-28 are team options. Signed rookie scale contract on July 4, 2024."
POR,yangha01,Yang Hansen,,,,,,,,,"2027-28 and 2028-29 are team options. Signed rookie scale contract on July 1, 2025."
POR,pottemi01,Micah Potter,,,,,2026-27:team,"June 29, 2026",,,"Claimed by POR July 10, 2026. Waived by IND July 8, 2026. Option exercised June 29, 2026. 2026-27 is a team option. Signed 2-yr contract December 26, 2025."
POR,krejcvi01,Vít Krejčí,"July 12, 2024",4,10200000,False,2027-28:team,,ATL,"February 1, 2026","Traded from ATL to POR February 1, 2026. 2027-28 is a team option. Signed 4-yr/$10.2M contract July 12, 2024."
POR,cissosi01,Sidy Cissoko,,,,,,,,,"Signed 2-yr contract February 20, 2026."
POR,sochaje01,Jeremy Sochan,,,,,,,,,"Signed 1-yr minimum contract August 2, 2026."
POR,carlsbr01,Branden Carlson,"July 1, 2026",1,2500000,False,,,,,"Signed 1-yr/$2.5M contract July 1, 2026."
POR,tonjejo01,John Tonje,,,,,,,,,"Signed two-way contract July 24, 2026."
POR,louzama01,Didi Louzada,"August 13, 2021",4,7700000,False,,,NOP,"February 8, 2022","Waived August 29, 2022 with stretch provision. Traded from NOP to POR February 8, 2022. 2023-24 and 2024-25 are not guaranteed. Signed 4-yr/$7.7M contract August 13, 2021."
SAC,lavinza01,Zach LaVine,"July 7, 2022",5,215000000,False,2026-27:player,"June 29, 2026",CHI,"February 3, 2025","Option exercised June 29, 2026. Traded from CHI to SAC February 3, 2025. 2026-27 is a player option. Signed 5-yr/$215M contract July 7, 2022."
SAC,sabondo01,Domantas Sabonis,"July 6, 2023",4,195000000,True,,,,,"Signed 4-yr/$195M contract extension July 6, 2023."
SAC,huntede01,De'Andre Hunter,"October 17, 2022",4,90000000,True,,,CLE,"February 1, 2026","Traded from CLE to SAC February 1, 2026. Traded from ATL to CLE February 6, 2025. Signed 4-yr/$90M extension October 17, 2022."
SAC,murrake02,Keegan Murray,"October 16, 2025",5,140000000,True,,,,,"Signed 5-yr/$140M contract extension October 16, 2025."
SAC,monkma01,Malik Monk,"July 6, 2024",4,78000000,False,2027-28:player,,,,"2027-28 is a player option. Signed 4-yr/$78M contract July 6, 2024."
SAC,acuffda01,Darius Acuff Jr.,"July 1, 2026",4,36000000,False,,,,,"2028-29 and 2029-30 are team options. Signed 4-yr/$36M contract July 1, 2026."
SAC,achiupr01,Precious Achiuwa,"July 7, 2026",2,11000000,False,,,,,"Signed 2-yr/$11M contract July 7, 2026."
SAC,cliffni01,Nique Clifford,,,,,,,,,"2027-28 and 2028-29 are team options. Signed rookie scale contract on July 3, 2025."
SAC,karabal01,Alex Karaban,"July 1, 2026",4,15000000,False,,,,,"2028-29 and 2029-30 are team options. Signed 4-yr/$15M contract July 1, 2026."
SAC,plowdda01,Daeqwon Plowden,"July 2, 2026",2,5000000,False,,,,,"Signed 2-yr/$5M contract July 2, 2026."
SAC,simmobe01,Ben Simmons,,,,,,,,,"Signed 1-yr minimum contract September 7, 2026."
SAC,raynama01,Maxime Raynaud,,,,,2027-28:team,,,,2027-28 is a team option. Signed 3-yr/$5.9M contract.
SAC,sharpem01,Emanuel Sharp,"July 1, 2026",3,6000000,False,2028-29:team,,,,"2028-29 is a team option. Signed 3-yr/$6M contract July 1, 2026."
SAC,mogbojo01,Jonathan Mogbo,,,,,,,,,"Signed two-way contract July 2, 2026."
SAC,flaglad01,Adam Flagler,,,,,,,,,"Signed two-way contract July 1, 2026."
SAC,hayeski01,Killian Hayes,,,,,,,,,"2026-27 is not guaranteed. Signed 2-yr contract March 15, 2026."
SAC,paytoel01,Elfrid Payton,,,,,,,,,"Signed Exhibit 10 contract September 16, 2026."
SAS,foxde01,De'Aaron Fox,"August 4, 2025",4,222000000,True,,,,,"Signed 4-yr/$222M contract extension August 4, 2025."
SAS,vassede01,Devin Vassell,"October 3, 2023",5,135000000,True,,,,,"Signed 5-yr/$135M rookie scale extension October 3, 2023."
SAS,johnske04,Keldon Johnson,"July 18, 2022",4,80000000,True,,,,,"Signed 4-yr/$80M contract extension July 18, 2022."
SAS,wembavi01,Victor Wembanyama,"July 1, 2023",4,55000000,False,,"October 16, 2025",,,"Signed extension July 10, 2026. Option exercised October 16, 2025. Option exercised October 18, 2024. 2025-26 and 2026-27 are team options. Signed 4-yr/$55M rookie scale contract July 1, 2023."
SAS,harrito02,Tobias Harris,"July 6, 2026",2,31000000,False,,,,,"Signed 2-yr/$31M contract July 6, 2026."
SAS,champju02,Julian Champagnie,"June 29, 2026",3,45000000,True,,,,,"Signed 3-yr/$45M veteran extension June 29, 2026."
SAS,harpedy01,Dylan Harper,,,,,,,,,"2027-28 and 2028-29 are team options. Signed rookie scale contract on July 3, 2025."
SAS,kornelu01,Luke Kornet,"July 7, 2025",4,40700000,False,2028-29:team,,,,"2028-29 is a team option. 2027-28 is partially guaranteed. Signed 4-yr/$40.7M contract July 7, 2025."
SAS,castlst01,Stephon Castle,,,,,,"October 16, 2025",,,"Option exercised October 16, 2025. 2026-27 and 2027-28 are team options. Signed rookie scale contract on July 2, 2024."
SAS,barneha02,Harrison Barnes,"July 8, 2026",1,8000000,False,,,,,"Signed 1-yr/$8M contract July 8, 2026."
SAS,bryanca01,Carter Bryant,,,,,,,,,"2027-28 and 2028-29 are team options. Signed rookie scale contract on July 3, 2025."
SAS,quainja01,Jayden Quaintance,"July 3, 2026",4,19000000,False,,,,,"2028-29 and 2029-30 are team options. Signed 4-yr/$19M contract July 3, 2026."
SAS,reedjta01,Tarris Reed Jr.,"July 3, 2026",4,16000000,False,,,,,"2028-29 and 2029-30 are team options. Signed 4-yr/$16M contract July 3, 2026."
SAS,mclaujo01,Jordan McLaughlin,,,,,,,,,"SIgned 1-yr minimum contract July 13, 2026."
SAS,peterta01,Taelon Peter,,,,,,,,,"Signed Exhibit 10 contract August 7, 2026."
SAS,nunnja01,Jayden Nunn,,,,,,,,,"Signed Exhibit 10 contract September 18, 2026."
SAS,brownma05,Maliq Brown,,,,,,,,,"Signed two-way contract July 3, 2026."
SAS,gilleja02,Ja'Kobi Gillespie,,,,,,,,,"Signed two-way contract July 3, 2026."
SAS,jonesda06,David Jones García,,,,,,,,,"Signed two-way contract July 22, 2026."
TOR,leonaka01,Kawhi Leonard,"January 10, 2024",3,150000000,True,,,LAC,"September 14, 2026","Traded from LAC to TOR September 14, 2026. Signed 3-yr/$150M contract extension January 10, 2024."
TOR,barnesc01,Scottie Barnes,"July 8, 2024",5,224000000,False,,,,,"Signed 5-yr/$224M contract July 8, 2024."
TOR,quickim01,Immanuel Quickley,"July 8, 2024",5,175000000,False,,,,,"Signed 5-yr/$175M contract July 8, 2024."
TOR,barrerj01,RJ Barrett,"September 1, 2022",4,120000000,True,,,NYK,"December 30, 2023","Traded from NYK to TOR December 30, 2023. Signed 4-yr/$120M contract extension on September 1, 2022."
TOR,poeltja01,Jakob Poeltl,"July 6, 2023",4,78000000,False,2026-27:player,,,,"Option exercised and extension signed July 7, 2025. 2026-27 is a player option. Signed 4-yr/$78M contract July 6, 2023."
TOR,murraco01,Collin Murray-Boyles,,,,,,,,,"2027-28 and 2028-29 are team options. Signed rookie scale contract on July 1, 2025."
TOR,graveal01,Allen Graves,"July 2, 2026",4,20000000,False,,,,,"2028-29 and 2029-30 are team options. Signed 4-yr/$20M contract July 2, 2026."
TOR,walteja01,Ja'Kobe Walter,,,,,,"October 21, 2025",,,"Option exercised October 21, 2025. 2026-27 and 2027-28 are team options. Signed rookie scale contract on July 4, 2024."
TOR,jacksan01,Andre Jackson Jr.,,,,,,,,,"Signed Exhibit 10 contract August 4, 2026."
TOR,anderky01,Kyle Anderson,,,,,,,,,"Signed 1-yr minimum contract July 6, 2026."
TOR,jackstr02,Trayce Jackson-Davis,"July 6, 2023",4,3000000,False,2026-27:team,,GSW,"February 5, 2026","Team option exercised June 29, 2026. Traded from GSW to TOR February 5, 2026. 2026-27 is a team option. Signed 4-yr/$3M contract July 6, 2023."
TOR,sheadja01,Jamal Shead,"July 4, 2024",3,6000000,False,2026-27:team,"June 25, 2026",,,"Option exercised June 25, 2026. 2026-27 is a team option. Signed 3-yr/$6M contract July 4, 2024."
TOR,battlja01,Jamison Battle,"February 7, 2025",3,4700000,False,,,,,"2025-26 and 2026-27 not guaranteed. Signed 3-yr/$4.7M contract February 7, 2025."
TOR,martial01,Alijah Martin,"July 3, 2026",2,4800000,False,2027-28:player,,,,"2027-28 is a player option. Signed 2-yr/$4.8M contract July 3, 2026."
TOR,smithma02,Malachi Smith,,,,,,,,,"Signed Exhibit 10 contract August 17, 2026."
TOR,bittlna01,Nate Bittle,,,,,,,,,"Signed Exhibit 10 contract July 9, 2026."
TOR,hepbuch01,Chucky Hepburn,,,,,,,,,"Signed two-way contract June 25, 2026."
TOR,bradlja02,Jaden Bradley,,,,,,,,,"Signed two-way contract July 4, 2026."
TOR,jemistr01,Trey Jemison,,,,,,,,,"Signed two-way contract August 4, 2026."
UTA,jacksja02,Jaren Jackson Jr.,"July 13, 2025",5,205000000,True,2029-30:player,,MEM,"February 3, 2026","Traded from MEM to UTA February 3, 2026. 2029-30 is a player option. Signed 5-yr/$205M contract extension July 13, 2025."
UTA,markkla01,Lauri Markkanen,"August 7, 2024",4,196000000,False,,,,,"Signed 4-yr/$196M contract August 7, 2024."
UTA,greenjo02,Josh Green,"October 23, 2023",3,41000000,True,,,MIN,"August 29, 2026","Traded from MIN to UTA August 29, 2026. Traded from CHO to MIN July 10, 2026. Traded from DAL to CHO July 6, 2024. Signed 3-yr/$41M contract extension October 23, 2023."
UTA,peterda02,Darryn Peterson,"July 1, 2026",4,60000000,False,,,,,"2028-29 and 2029-30 are team options. Signed 4-yr/$60M contract July 1, 2026."
UTA,nurkiju01,Jusuf Nurkić,"July 9, 2026",2,22000000,False,,,,,"Signed 2-yr/$22M contract July 9, 2026."
UTA,baileac01,Ace Bailey,,,,,,,,,"2027-28 and 2028-29 are team options. Signed rookie scale contract on July 2, 2025."
UTA,georgke01,Keyonte George,"July 2, 2023",4,19000000,False,,"October 30, 2025",,,"Extension signed September 18, 2026. Option exercised October 30, 2025. Option exercised October 21, 2024. 2025-26 and 2026-27 are team options. Signed 4-yr/$19M rookie scale contract July 2, 2023."
UTA,hayesja02,Jaxson Hayes,"July 9, 2026",2,12000000,False,2027-28:team,,,,"2027-28 is a team option. Signed 2-yr/$12M contract July 9, 2026."
UTA,okogijo01,Josh Okogie,"July 9, 2026",2,12000000,False,2027-28:team,,,,"2027-28 is a team option. Signed 2-yr/$12M contract July 9, 2026."
UTA,sensabr01,Brice Sensabaugh,"July 2, 2023",4,12600000,False,,"October 30, 2025",,,"Option exercised October 30, 2025. Option exercised October 21, 2024. 2025-26 and 2026-27 are team options. Signed 4-yr/$12.6M rookie scale contract July 2, 2023."
UTA,mykhasv01,Svi Mykhailiuk,"August 10, 2024",4,15000000,False,,,,,"Signed 4-yr/$15M contract August 10, 2024."
UTA,bambamo01,Mo Bamba,"July 10, 2026",2,7000000,False,,,,,"Signed 2-yr/$7M contract July 10, 2026."
UTA,filipky01,Kyle Filipowski,"August 12, 2024",4,12000000,False,,,,,"Signed 4-yr/$12M contract August 12, 2024."
UTA,colliis01,Isaiah Collier,,,,,,"October 30, 2025",,,"Option exercised October 30, 2025. 2026-27 and 2027-28 are team options. Signed rookie scale contract on July 2, 2024."
UTA,ingraha01,Harrison Ingram,,,,,,,,,"Signed 1-yr minimum contract July 25, 2026."
UTA,alexatr01,Trey Alexander,,,,,,,,,"Signed two-way contract July 7, 2026."
UTA,batesta01,Tamar Bates,,,,,,,,,"Signed two-way contract July 3, 2026."
UTA,grayha01,Hayden Gray,,,,,,,,,"Signed 2-yr contract April 11, 2026."
WAS,davisan02,Anthony Davis,"August 6, 2023",3,175000000,True,2027-28:player,,DAL,"February 5, 2026","Traded from DAL to WAS February 5, 2026. 2027-28 is a player option. Signed 3-yr/$175M contract extension August 6, 2023."
WAS,youngtr01,Trae Young,"July 6, 2026",4,213000000,False,2029-30:player,,,,"2029-30 is a player option. Signed 4-yr/$213M contract July 6, 2026."
WAS,dybanaj01,AJ Dybantsa,"July 2, 2026",4,67000000,False,,,,,"2028-29 and 2029-30 are team options. Signed 4-yr/$67M contract July 2, 2026."
WAS,sarral01,Alex Sarr,,,,,,"October 29, 2025",,,"Option exercised October 29, 2025. 2026-27 and 2027-28 are team options. Signed rookie scale contract on July 6, 2024."
WAS,coulibi01,Bilal Coulibaly,"July 2, 2023",4,30000000,False,,"October 29, 2025",,,"Option exercised October 29, 2025. Option exercised October 29, 2024. 2025-26 and 2026-27 are team options. Signed 4-yr/$30M rookie scale contract July 2, 2023."
WAS,johnstr03,Tre Johnson,,,,,,,,,"2027-28 and 2028-29 are team options. Signed rookie scale contract on July 5, 2025."
WAS,aytonde01,Deandre Ayton,"July 6, 2025",2,16600000,False,2026-27:player,"June 29, 2026",LAL,"July 7, 2026","Traded from LAL to WAS July 7, 2026. Option exercised June 29, 2026. 2026-27 is a player option. Signed 2-yr/$16.6M contract July 6, 2025."
WAS,manntr01,Tre Mann,"July 13, 2025",3,24000000,False,2027-28:team,,CHO,"August 20, 2026","Traded from CHO to WAS August 20, 2026. 2027-28 is a team option. Signed 3-yr/$24M contract July 13, 2025."
WAS,middlkh01,Khris Middleton,"July 7, 2026",3,18000000,False,,,DAL,"July 8, 2026","Traded from DAL to WAS July 8, 2026. 2027-28 partially guaranteed and 2028-29 is not guaranteed. Signed 3-yr/$18M contract July 7, 2026."
WAS,carrica01,Bub Carrington,,,,,,"October 29, 2025",,,"Option exercised October 29, 2025. 2026-27 and 2027-28 are team options. Signed rookie scale contract on July 7, 2024."
WAS,rileywi01,Will Riley,,,,,,,,,"2027-28 and 2028-29 are team options. Signed rookie scale contract on July 5, 2025."
WAS,georgky01,Kyshawn George,,,,,,"October 29, 2025",,,"Option exercised October 29, 2025. 2026-27 and 2027-28 are team options. Signed rookie scale contract on July 6, 2024."
WAS,champju01,Justin Champagnie,"March 3, 2025",4,10000000,False,,,,,"Signed 4-yr/$10M contract March 3, 2025."
WAS,gillan01,Anthony Gill,,,,,,,,,"Signed 1-yr minimum contract September 15, 2026."
WAS,murphke02,KeShawn Murphy,,,,,,,,,"Signed Exhibit 10 contract September 18, 2026."
WAS,vukcetr01,Tristan Vukcevic,"February 21, 2026",3,9000000,False,2027-28:team,,,,"2027-28 is a team option. Signed 3-yr/$9M contract February 21, 2026."
WAS,watkija01,Jamir Watkins,,,,,,,,,"Signed two-way contract July 1, 2026."
WAS,okparfe01,Felix Okpara,,,,,,,,,"Signed two-way contract July 7, 2026."
