team,bbref_id,player_name,age,guaranteed_remaining
ATL,johnsja05,Jalen Johnson,24,120000000
ATL,daniedy01,Dyson Daniels,23,100000000
ATL,mccolcj01,CJ McCollum,35,21000000
ATL,dortlu01,Luguentz Dort,27,18222222
ATL,okongon01,Onyeka Okongwu,25,33000000
ATL,alexani01,Nickeil Alexander-Walker,28,29565510
ATL,landajo01,Jock Landale,30,14100000
ATL,kispeco01,Corey Kispert,27,27025000
ATL,hieldbu01,Buddy Hield,33,9658536
ATL,wiggiaa01,Aaron Wiggins,27,17570097
ATL,flemiki01,Kingston Flemings,19,15064800
ATL,ejiofzu01,Zuby Ejiofor,22,7079520
ATL,newelas01,Asa Newell,20,3399480
ATL,gueyemo02,Mouhamed Gueye,23,2406205
ATL,nembhry01,Ryan Nembhard,23,2150917
ATL,veesahe01,Henri Veesaar,22,3652133
ATL,wilsoja03,Jalen Wilson,25,
ATL,cartede02,Devin Carter,24,5158080
BOS,tatumja01,Jayson Tatum,28,188360046
BOS,georgpa01,Paul George,36,54126380
BOS,whitede01,Derrick White,32,62944000
BOS,robinmi01,Mitchell Robinson,28,47388600
BOS,hausesa01,Sam Hauser,28,34955356
BOS,pritcpa01,Payton Pritchard,28,16071428
BOS,harpero02,Ron Harper Jr.,26,6459042
BOS,cenacch01,Chris Cenac Jr.,19,6125760
BOS,gonzahu01,Hugo González,20,2923560
BOS,garzalu01,Luka Garza,27,2801346
BOS,scheiba01,Baylor Scheierman,25,2744040
BOS,quetane01,Neemias Queta,27,58667944
BOS,conlemi01,Mike Conley,38,2449421
BOS,cartede02,Devin Carter,24,
BOS,walshjo01,Jordan Walsh,22,17406205
BOS,devritu01,Tucker DeVries,23,
BOS,uzanmi01,Milos Uzan,23,
BOS,mitchdi01,Dillon Mitchell,22,
BOS,shulgma01,Max Shulga,24,
BOS,william01,Amari Williams,24,
BRK,portemi01,Michael Porter Jr.,28,12000000
BRK,randlju01,Julius Randle,31,33333334
BRK,mannte01,Terance Mann,29,31500000
BRK,sharpda01,Day'Ron Sharpe,24,10000000
BRK,wagnemo01,Moritz Wagner,29,9268293
BRK,brownmi02,Mikel Brown Jr.,20,18013440
BRK,elliske01,Keon Ellis,26,8780488
BRK,demineg01,Egor Dëmin,20,7233720
BRK,clownno01,Noah Clowney,22,5414034
BRK,minotjo01,Josh Minott,23,4500000
BRK,traorno01,Nolan Traoré,20,4002000
BRK,poweldr01,Drake Powell,21,3540600
BRK,sarafbe01,Ben Saraf,20,3028560
BRK,jeffejo01,Joshua Jefferson,22,6088080
BRK,wolfda01,Danny Wolf,22,2941440
BRK,nelsogr02,Grant Nelson,24,
BRK,bilodty01,Tyler Bilodeau,22,
CHO,reidna01,Naz Reid,27,75000000
CHO,whiteco01,Coby White,26,74000000
CHO,allengr01,Grayson Allen,30,18125000
CHO,millebr02,Brandon Miller,23,15104626
CHO,schrode01,Dennis Schröder,33,14809200
CHO,willigr01,Grant Williams,27,14265750
CHO,finnedo01,Dorian Finney-Smith,33,26670000
CHO,onealro01,Royce O'Neale,33,22500000
CHO,knuepko01,Kon Knueppel,21,10516560
CHO,salauti01,Tidjane Salaün,21,8237880
CHO,steinha02,Hannes Steinbach,20,10715760
CHO,anderch02,Christian Anderson Jr.,20,8727480
CHO,connapa01,Pat Connaughton,33,3815861
CHO,mcneeli01,Liam McNeeley,20,2902080
CHO,diabamo01,Moussa Diabaté,24,
CHO,jamessi01,Sion James,23,2411090
CHO,kalkbry01,Ryan Kalkbrenner,24,2411090
CHO,bosweky01,Kylan Boswell,21,
CHO,ajayimi01,Michael Ajayi,23,
CHI,giddejo01,Josh Giddey,23,75000000
CHI,claxtni01,Nic Claxton,27,44090911
CHI,powelno01,Norman Powell,33,21500000
CHI,willipa01,Patrick Williams,25,36000000
CHI,okorois01,Isaac Okoro,25,11814814
CHI,wilsoca01,Caleb Wilson,20,21901680
CHI,smithja04,Jalen Smith,26,9428571
CHI,colliza01,Zach Collins,28,17000000
CHI,jonestr01,Tre Jones,26,8000000
CHI,dilliro01,Rob Dillingham,21,6889320
CHI,buzelma01,Matas Buzelis,21,5715360
CHI,essenno01,Noa Essengue,19,5701200
CHI,swainda01,Dailyn Swain,21,10179240
CHI,millele01,Leonard Miller,22,2406205
CHI,awakato01,Tobe Awaka,22,
CHI,selleja01,Jaylin Sellers,23,
CLE,mitchdo01,Donovan Mitchell,30,247460184
CLE,mobleev01,Evan Mobley,25,222691680
CLE,hardeja01,James Harden,37,62827619
CLE,allenja01,Jarrett Allen,28,90720000
CLE,watsope01,Peyton Watson,24,64465116
CLE,merrisa01,Sam Merrill,30,29517856
CLE,tysonja01,Jaylon Tyson,23,3658560
CLE,bryanth01,Thomas Bryant,29,2449421
CLE,hezonma01,Mario Hezonja,31,2449421
CLE,tomlina01,Nae'Qwan Tomlin,25,2411090
CLE,portecr01,Craig Porter Jr.,26,2406205
CLE,proctty01,Tyrese Proctor,22,2150917
CLE,thomame01,Meleek Thomas,20,6346496
CLE,diopkh01,Khalifa Diop,24,1357763
CLE,udehjer01,Ernest Udeh Jr.,22,
CLE,whitmca01,Cam Whitmore,22,5458311
CLE,rubiori01,Ricky Rubio,35,424672
DAL,irvinky01,Kyrie Irving,34,39491282
DAL,washipj01,P.J. Washington,28,88762440
DAL,gaffoda01,Daniel Gafford,27,54380289
DAL,aldamsa01,Santi Aldama,25,17007043
DAL,flaggco01,Cooper Flagg,19,14517480
DAL,risacza01,Zaccharie Risacher,21,13826040
DAL,martica02,Caleb Martin,30,10001493
DAL,marshna01,Naji Marshall,28,61286031
DAL,chrisma02,Max Christie,23,8285714
DAL,livelde01,Dereck Lively II,22,7239131
DAL,johnsmo01,Morez Johnson Jr.,20,13847880
DAL,sassema01,Marcus Sasser,26,5198983
DAL,delarse01,Sergio de Larrea,20,6523560
DAL,biberta01,Tarik Biberovic,25,3000000
DAL,cissemo01,Moussa Cisse,24,2185116
DAL,lawalto01,Tobi Lawal,23,
DAL,howarje01,Jett Howard,23,
DAL,thompkl01,Klay Thompson,36,17460317
DAL,mcgeeja01,JaVale McGee,38,4417712
DAL,prospol01,Olivier-Maxence Prosper,24,2004720
DEN,jokicni01,Nikola Jokić,31,59033114
DEN,murraja01,Jamal Murray,29,161451468
DEN,gordoaa01,Aaron Gordon,31,70008717
DEN,johnsca02,Cameron Johnson,30,23062500
DEN,braunch01,Christian Braun,25,125000000
DEN,nnajize01,Zeke Nnaji,25,7466667
DEN,jonessp01,Spencer Jones,25,11750000
DEN,strawju01,Julian Strawther,24,4826931
DEN,holmeda01,DaRon Holmes,24,3372120
DEN,walkelo01,Lonnie Walker IV,27,
DEN,baglema01,Marvin Bagley III,27,2449421
DEN,derozde01,DeMar DeRozan,37,2449421
DEN,jonesty01,Tyus Jones,30,2449421
DEN,brazitr01,Trevon Brazile,23,1357763
DEN,hopkibr01,Bryce Hopkins,24,
DEN,whitmca01,Cam Whitmore,22,
DET,cunnica01,Cade Cunningham,24,222691680
DET,collijo01,John Collins,29,17000000
DET,robindu01,Duncan Robinson,32,
DET,joeis01,Isaiah Joe,27,11323006
DET,thompau01,Ausar Thompson,23,11117925
DET,hollaro01,Ron Holland,21,9069600
DET,huertke01,Kevin Huerter,28,27000000
DET,reedpa01,Paul Reed,27,
DET,okorieb01,Ebuka Okorie,19,9186720
DET,jenkida01,Daniss Jenkins,25,4000000
DET,greenja02,Javonte Green,33,3943679
DET,harriga01,Gary Harris,32,3815861
DET,princta02,Taurean Prince,32,3815861
DET,smithto05,Tolu Smith,26,2411090
DET,laniech01,Chaz Lanier,24,2150917
DET,harklej01,Elijah Harkless,26,
DET,onyenug01,Ugonna Onyenso,22,
GSW,curryst01,Stephen Curry,38,62587158
GSW,butleji01,Jimmy Butler,37,56832773
GSW,greendr01,Draymond Green,36,27678571
GSW,porzikr01,Kristaps Porziņģis,31,19512195
GSW,moodymo01,Moses Moody,24,25925925
GSW,horfoal01,Al Horford,40,13985100
GSW,lendeya01,Yaxel Lendeborg,23,12497520
GSW,podzibr01,Brandin Podziemski,23,5679459
GSW,meltode01,De'Anthony Melton,28,5477000
GSW,santogu01,Gui Santos,24,9629630
GSW,willibr03,Brandon Williams,26,
GSW,paytoga02,Gary Payton II,33,2449421
GSW,niangge01,Georges Niang,33,
GSW,bassech01,Charles Bassey,25,2449421
GSW,tooheal01,Alex Toohey,22,
GSW,richawi02,Will Richard,23,2150917
GSW,boydni01,Nick Boyd,25,
GSW,terryda01,Dalen Terry,24,
GSW,agbimob01,Obi Agbim,24,
HOU,duranke01,Kevin Durant,37,43902439
HOU,sengual01,Alperen Şengün,24,112018349
HOU,vanvlfr01,Fred VanVleet,32,25000000
HOU,smithja05,Jabari Smith Jr.,23,122000000
HOU,easonta01,Tari Eason,25,62951724
HOU,adamsst01,Steven Adams,33,24869566
HOU,thompam01,Amen Thompson,23,220258609
HOU,sheppre01,Reed Sheppard,22,11108880
HOU,capelca01,Clint Capela,32,14405000
HOU,smartma01,Marcus Smart,32,6064000
HOU,phillju01,Julian Phillips,22,2537526
HOU,tshieos01,Oscar Tshiebwe,26,2537526
HOU,crawfis01,Isaiah Crawford,24,5113822
HOU,tateja01,Jae'Sean Tate,30,2449421
HOU,bogdabo01,Bogdan Bogdanović,34,2449421
HOU,thornbr01,Bruce Thornton,23,1357763
HOU,pedulse01,Sean Pedulla,23,
HOU,copelqu01,Quadir Copeland,23,
HOU,castrra01,Rafael Castro,23,
IND,halibty01,Tyrese Haliburton,26,156896208
IND,siakapa01,Pascal Siakam,32,101223360
IND,zubaciv01,Ivica Zubac,29,42132440
IND,nembhan01,Andrew Nembhard,26,40548480
IND,toppiob01,Obi Toppin,28,31025000
IND,mccontj01,T.J. McConnell,34,22800000
IND,nesmiaa01,Aaron Nesmith,26,51389440
IND,walkeja02,Jarace Walker,23,8478542
IND,oubreke01,Kelly Oubre Jr.,30,16500000
IND,sheppbe01,Ben Sheppard,25,5031669
IND,huffja01,Jay Huff,28,
IND,nancela02,Larry Nance Jr.,33,2449421
IND,furphjo01,Johnny Furphy,21,2296271
IND,keitake01,Keba Keita,23,
IND,mastri01,Rienk Mast,25,
IND,jacksqu01,Quenton Jackson,28,
IND,brownko01,Kobe Brown,26,
IND,slawsja01,Jalen Slawson,26,
IND,smithbr01,Braden Smith,23,
LAC,garlada01,Darius Garland,26,87053440
LAC,ingrabr01,Brandon Ingram,29,40000000
LAC,strusma01,Max Strus,30,16660836
LAC,hachiru01,Rui Hachimura,28,14000000
LAC,jonesde02,Derrick Jones Jr.,29,10476190
LAC,wagleke01,Keaton Wagler,19,19833000
LAC,lopezbr01,Brook Lopez,38,9187500
LAC,dickgr01,Gradey Dick,22,7131511
LAC,jacksis01,Isaiah Jackson,24,13400000
LAC,bealbr01,Bradley Beal,33,6424800
LAC,batumni01,Nicolas Batum,37,
LAC,dunnkr01,Kris Dunn,32,
LAC,millejo02,Jordan Miller,26,5300000
LAC,konanya01,Yanic Konan Niederhäuser,23,2880960
LAC,sandeko01,Kobe Sanders,24,5375385
LAC,kawamyu01,Yuki Kawamura,25,
LAC,chrisca02,Cam Christie,21,
LAC,broomjo01,Johni Broome,24,2150917
LAC,milleba01,Baba Miller,22,4000000
LAC,martini01,Nick Martinelli,22,
LAC,pickeja02,Jalen Pickett,26,
LAC,sharpja01,Jamarion Sharp,25,
LAL,doncilu01,Luka Dončić,27,103584000
LAL,reaveau01,Austin Reaves,28,133618410
LAL,kesslwa01,Walker Kessler,25,95232558
LAL,grimequ01,Quentin Grimes,26,43953489
LAL,mamuksa01,Sandro Mamukelashvili,27,38350000
LAL,vandeja01,Jarred Vanderbilt,27,12428571
LAL,sextoco01,Collin Sexton,27,19200300
LAL,laravja01,Jake LaRavia,24,6000000
LAL,hardyja02,Jaden Hardy,24,6000000
LAL,knechda01,Dalton Knecht,25,4201080
LAL,carrca01,Cameron Carr,21,6796440
LAL,willizi02,Ziaire Williams,25,2449421
LAL,looneke01,Kevon Looney,30,2449421
LAL,thybuma01,Matisse Thybulle,29,2449421
LAL,jamesbr02,Bronny James,21,
LAL,thierad01,Adou Thiero,22,2150917
LAL,johnsme02,Meechie Johnson,24,
LAL,rossch01,Chase Ross,23,
LAL,okereak01,AK Okereke,23,
LAL,smithni01,Nick Smith Jr.,22,
LAL,manonch01,Chris Mañon,24,
LAL,kalumar01,Arthur Kaluma,24,
MEM,grantje01,Jerami Grant,32,34206898
MEM,stewais01,Isaiah Stewart,25,15000000
MEM,boozeca02,Cameron Boozer,19,24291600
MEM,jeromty01,Ty Jerome,29,9220050
MEM,postqu01,Quinten Post,26,8285714
MEM,hendrta01,Taylor Hendricks,22,7805900
MEM,hawkijo01,Jordan Hawkins,24,7021895
MEM,edeyza01,Zach Edey,24,6332760
MEM,cowarce01,Cedric Coward,23,6001080
MEM,russeda01,D'Angelo Russell,30,5969250
MEM,murrakr01,Kris Murray,26,5315004
MEM,claytwa01,Walter Clayton,23,4190520
MEM,lopezka01,Karim López,19,7681080
MEM,prospol01,Olivier-Maxence Prosper,24,2497812
MEM,pippesc02,Scotty Pippen Jr.,25,
MEM,spencca01,Cam Spencer,26,5027844
MEM,jacksgg01,GG Jackson II,21,2406205
MEM,wellsja01,Jaylen Wells,23,
MEM,peavymi01,Micah Peavy,25,2150917
MEM,caldwke01,Kentavious Caldwell-Pope,33,17744971
MEM,anthoco01,Cole Anthony,26,7400000
MEM,diakima01,Mamadi Diakite,29,464050
MIA,antetgi01,Giannis Antetokounmpo,31,58456566
MIA,adebaba01,Bam Adebayo,29,103584000
MIA,wiggian01,Andrew Wiggins,31,46515798
MIA,jovicni01,Nikola Jović,23,62400000
MIA,portibo01,Bobby Portis,31,14521414
MIA,mitchda01,Davion Mitchell,28,12400000
MIA,hardati02,Tim Hardaway Jr.,34,6500000
MIA,thompkl01,Klay Thompson,36,5600000
MIA,smithdr01,Dru Smith,28,
MIA,fontesi01,Simone Fontecchio,30,2449421
MIA,richani01,Nick Richards,28,2449421
MIA,larsspe01,Pelle Larsson,25,2296271
MIA,gardnmy01,Myron Gardner,25,
MIA,conwery01,Ryan Conwell,22,3652133
MIA,hadlejv01,J'Vonne Hadley,24,
MIA,youngja05,Jahmir Young,25,
MIA,johnske10,Keshad Johnson,25,
MIA,goldivl01,Vladislav Goldin,25,
MIA,donaltr01,Tre Donaldson,22,
MIL,herroty01,Tyler Herro,26,33000000
MIL,turnemy01,Myles Turner,30,54434241
MIL,kuzmaky01,Kyle Kuzma,31,20345152
MIL,trentga02,Gary Trent Jr.,27,64000000
MIL,leverca01,Caris LeVert,32,14809200
MIL,greenaj01,A.J. Green,26,45000000
MIL,burribr01,Brayden Burries,21,13155360
MIL,jaqueja01,Jaime Jaquez Jr.,25,5939141
MIL,diengou01,Ousmane Dieng,23,11500000
MIL,amentna01,Nate Ament,19,11279280
MIL,porteke02,Kevin Porter Jr.,26,5390700
MIL,wareke01,Kel'el Ware,22,4654920
MIL,rolliry01,Ryan Rollins,24,4000000
MIL,jakucka01,Kasparas Jakučionis,20,3841680
MIL,simsje01,Jericho Sims,27,2801346
MIL,nancepe01,Pete Nance,26,2537526
MIL,butlejo01,John Butler,23,
MIL,markobo01,Bogoljub Markovic,21,6346496
MIL,stephja02,Jake Stephens,26,
MIL,joneska03,Kam Jones,24,
MIL,lillada01,Damian Lillard,36,90066412
MIL,micicva01,Vasilije Micić,32,1333334
MIN,edwaran01,Anthony Edwards,25,156896208
MIN,ballla01,LaMelo Ball,25,130746840
MIN,goberru01,Rudy Gobert,34,36500000
MIN,mcdanja02,Jaden McDaniels,25,84020689
MIN,dosunay01,Ayo Dosunmu,26,86510348
MIN,divindo01,Donte DiVincenzo,29,12535000
MIN,kuminjo01,Jonathan Kuminga,23,6064000
MIN,willico04,Cody Williams,21,6015600
MIN,berinjo01,Joan Beringer,19,4411200
MIN,clarkja02,Jaylen Clark,24,10000000
MIN,hylanbo01,Bones Hyland,26,2845883
MIN,shannte01,Terrence Shannon Jr.,26,2801640
MIN,lylestr01,Trey Lyles,30,2449421
MIN,evansis01,Isaiah Evans,20,6346496
MIN,freemen01,Enrique Freeman,26,
MIN,konchjo01,John Konchar,30,6165000
NOP,willizi01,Zion Williamson,26,87053440
NOP,poolejo01,Jordan Poole,27,34044642
NOP,murrade01,Dejounte Murray,30,32785071
NOP,murphtr02,Trey Murphy III,26,87000000
NOP,joneshe01,Herbert Jones,27,58284050
NOP,fearsje01,Jeremiah Fears,19,7896240
NOP,mathube01,Bennedict Mathurin,24,7804878
NOP,beysa01,Saddiq Bey,27,61940678
NOP,queende01,Derik Queen,21,5416080
NOP,jordade01,DeAndre Jordan,38,7946884
NOP,missiyv01,Yves Missi,22,3512760
NOP,johnsaj01,AJ Johnson,21,3237120
NOP,kolokch01,Christian Koloko,26,2625627
NOP,houstca01,Caleb Houstan,23,
NOP,mcgowbr01,Bryce McGowens,23,2584539
NOP,watfotr01,Trendon Watford,25,
NOP,bufkiko01,Kobe Bufkin,23,2449421
NOP,matkoka01,Karlo Matković,25,2296271
NOP,pierrja01,Jaron Pierre Jr.,24,
NOP,diama01,Malik Dia,22,
NOP,gibsota01,Taj Gibson,41,148828
NYK,townska01,Karl-Anthony Towns,30,57078728
NYK,anunoog01,OG Anunoby,29,87931034
NYK,brunsja01,Jalen Brunson,30,78274562
NYK,bridgmi01,Mikal Bridges,30,108482144
NYK,hartjo01,Josh Hart,31,20923760
NYK,shamela01,Landry Shamet,29,24000000
NYK,alvarjo01,Jose Alvarado,28,14580000
NYK,mcbrimi01,Miles McBride,26,3956523
NYK,dadiepa01,Pacôme Dadiet,21,2983680
NYK,wisemja01,James Wiseman,25,
NYK,agbajoc01,Ochai Agbaji,26,
NYK,konchjo01,John Konchar,30,
NYK,eubandr01,Drew Eubanks,29,
NYK,drumman01,Andre Drummond,33,2449421
NYK,clarkjo01,Jordan Clarkson,34,2449421
NYK,brownbr01,Bruce Brown,30,
NYK,kolekty01,Tyler Kolek,25,2296271
NYK,diawamo01,Mohamed Diawara,21,10000000
OKC,holmgch01,Chet Holmgren,24,240700000
OKC,willija06,Jalen Williams,25,240700000
OKC,gilgesh01,Shai Gilgeous-Alexander,28,238462350
OKC,harteis01,Isaiah Hartenstein,28,48148148
OKC,carusal01,Alex Caruso,32,62994960
OKC,willija07,Jaylin Williams,24,7774648
OKC,wallaca01,Cason Wallace,22,7420806
OKC,maraad01,Aday Mara,21,11873160
OKC,topicni01,Nikola Topić,21,5429760
OKC,willike04,Kenrich Williams,31,5000000
OKC,sorbeth01,Thomas Sorber,20,4887720
OKC,stirtbe01,Bennett Stirtz,22,9670560
OKC,mccaija01,Jared McCain,22,4422600
OKC,mitchaj01,Ajay Mitchell,24,
OKC,tillych01,Christoph Tilly,23,
OKC,owehot01,Otega Oweh,23,
OKC,dixjo01,Josh Dix,22,
OKC,barnhbr01,Brooks Barnhizer,24,
ORL,wagnefr01,Franz Wagner,25,185576400
ORL,banchpa01,Paolo Banchero,23,185920000
ORL,banede01,Desmond Bane,28,126499530
ORL,suggsja01,Jalen Suggs,25,88800000
ORL,cartewe01,Wendell Carter Jr.,27,37652160
ORL,isaacjo01,Jonathan Isaac,28,10449421
ORL,blackan01,Anthony Black,22,10106316
ORL,bitadgo01,Goga Bitadze,27,7608696
ORL,dasiltr01,Tristan Da Silva,25,3991200
ORL,richaja02,Jase Richardson,20,3132360
ORL,davisjd01,JD Davison,23,
ORL,cainja01,Jamal Cain,27,2584539
ORL,branhma01,Malaki Branham,23,
ORL,carteje01,Jevon Carter,31,2449421
ORL,vucevni01,Nikola Vučević,35,2449421
ORL,pendano01,Noah Penda,21,2150917
ORL,castlco01,Colin Castleton,26,
ORL,nelsoiz01,Izaiyah Nelson,22,
PHI,embiijo01,Joel Embiid,32,120848000
PHI,brownja02,Jaylen Brown,29,183045576
PHI,maxeyty01,Tyrese Maxey,25,130746840
PHI,edgecvj01,VJ Edgecombe,21,11663880
PHI,wadede01,Dean Wade,29,30000000
PHI,simonan01,Anfernee Simons,27,6000000
PHI,jamesle01,LeBron James,41,3876529
PHI,philola01,Labaron Philon Jr.,20,7373880
PHI,barlodo01,Dominick Barlow,23,3415000
PHI,hukpoar01,Ariel Hukporti,24,3400000
PHI,walkeja01,Jabari Walker,24,
PHI,jonesdi01,Dillon Jones,24,
PHI,caldwke01,Kentavious Caldwell-Pope,33,2449421
PHI,edwarju01,Justin Edwards,22,2411090
PHI,bonaad01,Adem Bona,23,
PHI,nelsoja02,Jameer Nelson Jr.,25,
PHI,fallta01,Tacko Fall,30,
PHI,thomasa03,Saint Thomas,23,
PHI,loveca01,Caleb Love,24,
PHI,milesdu01,Duke Miles,24,
PHI,ruperra01,Rayan Rupert,22,
PHO,bookede01,Devin Booker,29,182159872
PHO,greenja05,Jalen Green,24,36251166
PHO,bridgmi02,Miles Bridges,28,22826087
PHO,brookdi01,Dillon Brooks,30,92992726
PHO,willima07,Mark Williams,24,38000000
PHO,gilleco01,Collin Gillespie,27,48000000
PHO,maluakh01,Khaman Maluach,20,6316680
PHO,kennalu01,Luke Kennard,30,6064000
PHO,goodwjo01,Jordan Goodwin,27,12197531
PHO,highsha01,Haywood Highsmith,29,1000000
PHO,peatko01,Koa Peat,19,5999880
PHO,dunnry01,Ryan Dunn,23,2784240
PHO,bouyeja01,Jamaree Bouyea,27,2584539
PHO,ighodos01,Oso Ighodaro,24,
PHO,flemira01,Rasheer Fleming,22,4676818
PHO,spencpa01,Pat Spencer,30,
PHO,breako01,Koby Brea,23,
PHO,bealbr01,Bradley Beal,33,77532040
PHO,littlna01,Nassir Little,26,9321429
PHO,liddeej01,E.J. Liddell,25,706898
POR,moranja01,Ja Morant,27,87053440
POR,holidjr01,Jrue Holiday,36,34800000
POR,sharpsh01,Shaedon Sharpe,23,90000000
POR,camarto01,Toumani Camara,26,81000000
POR,williro04,Robert Williams,28,18968254
POR,hendesc01,Scoot Henderson,22,13585523
POR,lillada01,Damian Lillard,36,13398800
POR,avdijde01,Deni Avdija,25,25000000
POR,clingdo01,Donovan Clingan,22,7519920
POR,yangha01,Yang Hansen,21,4643520
POR,pottemi01,Micah Potter,28,2801346
POR,krejcvi01,Vít Krejčí,26,
POR,cissosi01,Sidy Cissoko,22,
POR,sochaje01,Jeremy Sochan,23,2449421
POR,carlsbr01,Branden Carlson,27,2449421
POR,tonjejo01,John Tonje,25,
POR,louzama01,Didi Louzada,27,804096
SAC,lavinza01,Zach LaVine,31,48967380
SAC,sabondo01,Domantas Sabonis,30,94080000
SAC,huntede01,De'Andre Hunter,28,24910714
SAC,murrake02,Keegan Murray,26,140000000
SAC,monkma01,Malik Monk,28,20190035
SAC,acuffda01,Darius Acuff Jr.,19,16444560
SAC,achiupr01,Precious Achiuwa,27,11227850
SAC,cliffni01,Nique Clifford,24,3263400
SAC,karabal01,Alex Karaban,23,6043920
SAC,simmobe01,Ben Simmons,30,
SAC,plowdda01,Daeqwon Plowden,28,5113822
SAC,raynama01,Maxime Raynaud,23,2150917
SAC,sharpem01,Emanuel Sharp,22,3652133
SAC,paytoel01,Elfrid Payton,32,
SAC,mogbojo01,Jonathan Mogbo,24,
SAC,hayeski01,Killian Hayes,25,
SAC,flaglad01,Adam Flagler,26,
SAS,foxde01,De'Aaron Fox,28,223104000
SAS,vassede01,Devin Vassell,26,78652174
SAS,johnske04,Keldon Johnson,26,17500000
SAS,wembavi01,Victor Wembanyama,22,211748246
SAS,harrito02,Tobias Harris,34,30840200
SAS,champju02,Julian Champagnie,25,45000000
SAS,harpedy01,Dylan Harper,20,12989040
SAS,kornelu01,Luke Kornet,31,13000000
SAS,castlst01,Stephon Castle,21,10015920
SAS,barneha02,Harrison Barnes,34,8000000
SAS,bryanca01,Carter Bryant,20,5145360
SAS,quainja01,Jayden Quaintance,19,8000640
SAS,reedjta01,Tarris Reed Jr.,23,6307440
SAS,mclaujo01,Jordan McLaughlin,30,2449421
SAS,peterta01,Taelon Peter,24,
SAS,nunnja01,Jayden Nunn,23,
SAS,gilleja02,Ja'Kobi Gillespie,22,
SAS,jonesda06,David Jones García,24,
SAS,brownma05,Maliq Brown,22,
TOR,leonaka01,Kawhi Leonard,35,50300000
TOR,barnesc01,Scottie Barnes,25,185576400
TOR,quickim01,Immanuel Quickley,27,97500000
TOR,barrerj01,RJ Barrett,26,29616071
TOR,poeltja01,Jakob Poeltl,30,76284000
TOR,murraco01,Collin Murray-Boyles,21,6649560
TOR,graveal01,Allen Graves,20,8334600
TOR,walteja01,Ja'Kobe Walter,22,3811800
TOR,jacksan01,Andre Jackson Jr.,24,
TOR,anderky01,Kyle Anderson,33,2449421
TOR,jackstr02,Trayce Jackson-Davis,26,2406205
TOR,battlja01,Jamison Battle,25,
TOR,sheadja01,Jamal Shead,24,2296271
TOR,martial01,Alijah Martin,24,2185116
TOR,smithma02,Malachi Smith,26,
TOR,bittlna01,Nate Bittle,23,
TOR,jemistr01,Trey Jemison,26,
TOR,hepbuch01,Chucky Hepburn,23,
TOR,bradlja02,Jaden Bradley,23,
UTA,jacksja02,Jaren Jackson Jr.,27,151500000
UTA,markkla01,Lauri Markkanen,29,149474044
UTA,greenjo02,Josh Green,25,14679012
UTA,peterda02,Darryn Peterson,19,27050640
UTA,nurkiju01,Jusuf Nurkić,32,22000000
UTA,baileac01,Ace Bailey,20,9523080
UTA,georgke01,Keyonte George,22,162012383
UTA,hayesja02,Jaxson Hayes,26,6000000
UTA,okogijo01,Josh Okogie,28,6000000
UTA,sensabr01,Brice Sensabaugh,22,4862237
UTA,mykhasv01,Svi Mykhailiuk,29,
UTA,bambamo01,Mo Bamba,28,6968390
UTA,filipky01,Kyle Filipowski,22,
UTA,colliis01,Isaiah Collier,21,2763960
UTA,ingraha01,Harrison Ingram,23,2449421
UTA,alexatr01,Trey Alexander,23,
UTA,grayha01,Hayden Gray,23,
UTA,batesta01,Tamar Bates,23,
WAS,davisan02,Anthony Davis,33,58456566
WAS,youngtr01,Trae Young,28,154403496
WAS,dybanaj01,AJ Dybantsa,19,30233760
WAS,sarral01,Alex Sarr,21,12370680
WAS,coulibi01,Bilal Coulibaly,22,9240012
WAS,johnstr03,Tre Johnson,20,8649600
WAS,aytonde01,Deandre Ayton,28,8104000
WAS,manntr01,Tre Mann,25,8000000
WAS,middlkh01,Khris Middleton,35,6499000
WAS,carrica01,Bub Carrington,21,4900560
WAS,rileywi01,Will Riley,20,3688320
WAS,georgky01,Kyshawn George,22,3108000
WAS,champju01,Justin Champagnie,25,2667944
WAS,gillan01,Anthony Gill,33,2449421
WAS,murphke02,KeShawn Murphy,23,
WAS,okparfe01,Felix Okpara,22,
WAS,vukcetr01,Tristan Vukcevic,23,
WAS,watkija01,Jamir Watkins,25,
