trade_id,date,trade_label,team,cash_received,tpes_generated,detail
490,2026-06-24,,Chicago Bulls,,,"Chicago Bulls Acquire: Cash: $1,714,000 Cap Hit Sum: $0 Cap Hit Change: +$0"
490,2026-06-24,,Los Angeles Lakers,,,Los Angeles Lakers Acquire: 2026 2nd round pick (DEN - #56 - Vsevolod Ishchenko ) Cap Hit Sum: $0 Cap Hit Change: +$0
491,2026-06-24,,Houston Rockets,,,Houston Rockets Acquire: 2026 2nd round pick (WAS - #31 - Bruce Thornton ) 2026 2nd round pick (NYK - #55 - Nick Martinelli ) Cap Hit Sum: $0 Cap Hit Change: +$0
491,2026-06-24,,New York Knicks,,,New York Knicks Acquire: Mojave King · $0 (Signing Rights) 2026 2nd round pick (CHI - #39 - Jack Kayil ) 2026 2nd round pick (HOU - #53 - Ugonna Onyenso ) 2029 2nd round pick (SAC) Cap Hit Sum: $0 Cap Hit Change: +$0
492,2026-06-24,,Miami Heat,,,Miami Heat Acquire: 2026 2nd round pick (DAL - #37 - Ryan Conwell ) Cap Hit Sum: $0 Cap Hit Change: +$0
492,2026-06-24,,Oklahoma City Thunder,,,"Oklahoma City Thunder Acquire: 2026 2nd round pick (GSW - #41 - Otega Oweh ) Cash: $1,500,000 Cap Hit Sum: $0 Cap Hit Change: +$0"
493,2026-06-24,,Chicago Bulls,,,"Chicago Bulls Acquire: Kam Jones · $2,150,917 2028 2nd round pick (IND) [Swap Option]* 2030 2nd round pick (IND) [Swap Option]** Cash: $2,075,459 *Swap Option Details: CHI can swap with the more favorable of CHI/IND/PHX *Swap Option Result: Pending **Swap Option Details: CHI can swap with the more favorable of CHI/IND **Swap Option Result: Pending Cap Hit Sum: $2,150,917 Cap Hit Change: +$2,150,917"
493,2026-06-24,,Indiana Pacers,,"Kam Jones · $1,075,459","Indiana Pacers Acquire: 2026 2nd round pick (NOP - #38 - Braden Smith ) Trade Exceptions Generated: Kam Jones · $1,075,459 Cap Hit Sum: $0 Cap Hit Change: -$2,150,917 (-100%)"
495,2026-06-24,,Milwaukee Bucks,,,Milwaukee Bucks Acquire: From ORL: 2026 2nd round pick (OKC - #60 - Malique Lewis ) Cap Hit Sum: $0 Cap Hit Change: +$0
495,2026-06-24,,Orlando Magic,,,"Orlando Magic Acquire: From WAS: 2026 2nd round pick (MIN - #51 - Izaiyah Nelson ) From MIL: Cash: $1,250,000 Cap Hit Sum: $0 Cap Hit Change: +$0"
495,2026-06-24,,Washington Wizards,,,Washington Wizards Acquire: From ORL: 2026 2nd round pick (ORL - #46 - Felix Okpara ) Cap Hit Sum: $0 Cap Hit Change: +$0
497,2026-06-24,,Atlanta Hawks,,,Atlanta Hawks Acquire: 2026 2nd round pick (CLE - #52 - Henri Veesaar ) Cap Hit Sum: $0 Cap Hit Change: +$0
497,2026-06-24,,LA Clippers,,,"LA Clippers Acquire: 2026 2nd round pick (BOS - #57 - Narcisse N'Goy ) Cash: $1,500,000 Cap Hit Sum: $0 Cap Hit Change: +$0"
498,2026-06-25,,Detroit Pistons,,,Detroit Pistons Acquire: 2026 2nd round pick (HOU - #53 - Ugonna Onyenso ) Cap Hit Sum: $0 Cap Hit Change: +$0
498,2026-06-25,,New York Knicks,,,"New York Knicks Acquire: Cash: $2,500,000 Cap Hit Sum: $0 Cap Hit Change: +$0"
499,2026-06-24,,Houston Rockets,,,"Houston Rockets Acquire: Cash: $1,964,000 Cap Hit Sum: $0 Cap Hit Change: +$0"
499,2026-06-24,,LA Clippers,,,LA Clippers Acquire: 2026 2nd round pick (NYK - #55 - Nick Martinelli ) Cap Hit Sum: $0 Cap Hit Change: +$0
500,2026-06-25,,Dallas Mavericks,,,Dallas Mavericks Acquire: 2026 2nd round pick (DEN - #56 - Vsevolod Ishchenko ) Cap Hit Sum: $0 Cap Hit Change: +$0
500,2026-06-25,,Los Angeles Lakers,,,"Los Angeles Lakers Acquire: Cash: $1,700,000 Cap Hit Sum: $0 Cap Hit Change: +$0"
501,2026-07-10,Four-Way Trade,Brooklyn Nets,,,"Brooklyn Nets Acquire: From MIN: Julius Randle · $33,333,334 2026 1st round pick (DET - #28 - Joshua Jefferson ) Cap Hit Sum: $33,333,334 Cap Hit Change: +$10,185,607 (44%)"
501,2026-07-10,Four-Way Trade,Charlotte Hornets,,"LaMelo Ball · $40,770,520","Charlotte Hornets Acquire: From MIN: Naz Reid · $23,275,862 Matteo Spagnolo · $0 (Signing Rights) 2028 1st round pick (MIN) [Swap Option]* 2029 1st round pick (MIN) [Swap Option]** 2029 2nd round pick (MIN) 2030 1st round pick (MIN) [Swap Option]*** 2032 2nd round pick (MIN) 2033 1st round pick (MIN) 2033 2nd round pick (MIN) From CHI: Mouhamadou Gueye · $2,411,090 *Swap Option Details: CHA can swap with the more favorable of CHA/MIN *Swap Option Result: Pending **Swap Option Details: The right to swap the least favorable of CHA's, CLE's or UTA's 2029 1st for MIN's 2029 1st (if MIN is 1-5) **Swap Option Result: Pending ***Swap Option Details: A conditional 2030 first-round swap (CHA for the less favorable of MIN or the more favorable of DAL/SAS, if MIN is not 1-3) ***Swap Option Result: Pending Trade Exceptions Generated: LaMelo Ball · $40,770,520 Cap Hit Sum: $25,686,952 Cap Hit Change: -$29,762,580 (-53.7%)"
501,2026-07-10,Four-Way Trade,Chicago Bulls,,,"Chicago Bulls Acquire: From BKN: Nicolas Claxton · $23,147,727 Cap Hit Sum: $23,147,727 Cap Hit Change: +$20,736,637 (860.1%)"
501,2026-07-10,Four-Way Trade,Minnesota Timberwolves,,,"Minnesota Timberwolves Acquire: From CHA: LaMelo Ball · $40,770,520 Josh Green · $14,679,012 From BKN: 2026 2nd round pick (BKN - #33 - Isaiah Evans ) Cap Hit Sum: $55,449,532 Cap Hit Change: -$1,159,664 (-2%)"
502,2026-07-06,,Detroit Pistons,,,"Detroit Pistons Acquire: Isaiah Joe · $11,323,006 Cap Hit Sum: $11,323,006 Cap Hit Change: +$11,323,006"
502,2026-07-06,,Oklahoma City Thunder,,"Isaiah Joe · $11,323,006","Oklahoma City Thunder Acquire: 2030 2nd round pick (MIN) 2031 2nd round pick (DET) Trade Exceptions Generated: Isaiah Joe · $11,323,006 Cap Hit Sum: $0 Cap Hit Change: -$11,323,006 (-100%)"
503,2026-07-13,,Charlotte Hornets,,,"Charlotte Hornets Acquire: Grayson Allen · $18,125,000 Royce O'Neale · $10,875,000 2033 1st round pick (PHX) Cap Hit Sum: $29,000,000 Cap Hit Change: +$6,173,913 (27%)"
503,2026-07-13,,Phoenix Suns,,,"Phoenix Suns Acquire: Miles Bridges · $22,826,087 2027 2nd round pick (BOS) [Conditional]* 2029 1st round pick (CLE) [Conditional]** *Conditions: Least favorable of ORL or BOS *Conditional Result: Pending **Conditions: Least favorable of CLE, CHA, UTA, or MIN (top 5 protected) **Conditional Result: Pending Cap Hit Sum: $22,826,087 Cap Hit Change: -$6,173,913 (-21.3%)"
504,2026-06-30,,Atlanta Hawks,,,"Atlanta Hawks Acquire: Devin Carter · $5,158,080 2033 2nd round pick (SAC) Cap Hit Sum: $5,158,080 Cap Hit Change: +$5,158,080"
504,2026-06-30,,Sacramento Kings,,"Devin Carter · $4,923,720","Sacramento Kings Acquire: Alpha Kaba · $0 (Signing Rights) Trade Exceptions Generated: Devin Carter · $4,923,720 Cap Hit Sum: $0 Cap Hit Change: -$5,158,080 (-100%)"
505,2026-06-29,,Memphis Grizzlies,,,"Memphis Grizzlies Acquire: Jerami Grant · $34,206,898 Kris Murray · $5,315,004 Cap Hit Sum: $39,521,902 Cap Hit Change: -$2,644,608 (-6.3%)"
505,2026-06-29,,Portland Trail Blazers,42166510,"Kris Murray · $3,132,000","Portland Trail Blazers Acquire: Ja Morant · $42,166,510 Cash: $1,000,000 Trade Exceptions Generated: Kris Murray · $3,132,000 Cap Hit Sum: $42,166,510 Cap Hit Change: +$2,644,608 (6.7%)"
506,2026-09-14,,LA Clippers,,,"LA Clippers Acquire: Brandon Ingram · $40,000,000 Gradey Dick · $7,131,510 2027 1st round pick (TOR) [Swap Option] 2030 2nd round pick (TOR) 2031 1st round pick (TOR) 2033 1st round pick (TOR) 2033 2nd round pick (TOR) Swap Option Result: Pending Cap Hit Sum: $47,131,510 Cap Hit Change: -$3,168,490 (-6.3%)"
506,2026-09-14,,Toronto Raptors,,,"Toronto Raptors Acquire: Kawhi Leonard · $50,300,000 Cap Hit Sum: $50,300,000 Cap Hit Change: +$3,168,490 (6.7%)"
507,2026-07-08,,Los Angeles Lakers,,,"Los Angeles Lakers Acquire: Walker Kessler · $30,108,821 Cap Hit Sum: $30,108,821 Cap Hit Change: +$30,108,821"
507,2026-07-08,,Utah Jazz,,"Walker Kessler · $15,054,411","Utah Jazz Acquire: 2028 1st round pick (LAL) [Swap Option]* 2030 1st round pick (LAL) [Swap Option]** 2031 1st round pick (LAL) 2033 1st round pick (LAL) *Swap Option Details: UTA's right to swap the more favorable of CLE or UTA 2028 1st for LAL 2028 1st *Swap Option Result: Pending **Swap Option Details: UTA will receive the more favorable of LAL or UTA 2030 1st round picks **Swap Option Result: Pending Trade Exceptions Generated: Walker Kessler · $15,054,411 Cap Hit Sum: $0 Cap Hit Change: -$30,108,821 (-100%)"
508,2026-07-06,,Boston Celtics,,"Jaylen Brown · $2,952,438","Boston Celtics Acquire: Paul George · $54,126,380 2028 1st round pick (LAC) [Conditional]* 2028 2nd round pick (GSW) [Conditional]** 2030 2nd round pick (WAS) [Conditional]*** 2031 1st round pick (PHI) *Conditions: A conditional 2028 first-round pick (LAC or PHI own, protected 1-16). If the pick does not convey, BOS instead receives the right to swap its own or SAS's 2028 first-round pick with LAC's or PHI's (if 1-8). *Conditional Result: Pending **Conditions: Boston will receive the more favorable pick of GSW, OKC or MIL **Conditional Result: Pending ***Conditions: Boston will receive the more favorable of WSH, POR or PHX ***Conditional Result: Pending Trade Exceptions Generated: Jaylen Brown · $2,952,438 Cap Hit Sum: $54,126,380 Cap Hit Change: -$2,952,348 (-5.2%)"
508,2026-07-06,,Philadelphia 76ers,,,"Philadelphia 76ers Acquire: Jaylen Brown · $57,078,728 Cap Hit Sum: $57,078,728 Cap Hit Change: +$2,952,348 (5.5%)"
510,2026-07-08,,Los Angeles Lakers,,,"Los Angeles Lakers Acquire: Jaden Hardy · $6,000,000 2031 2nd round pick (WAS) 2032 2nd round pick (WAS) Cap Hit Sum: $6,000,000 Cap Hit Change: -$2,104,000 (-26%)"
510,2026-07-08,,Washington Wizards,,"Jaden Hardy · $6,000,000","Washington Wizards Acquire: Deandre Ayton · $8,104,000 Trade Exceptions Generated: Jaden Hardy · $6,000,000 Cap Hit Sum: $8,104,000 Cap Hit Change: +$2,104,000 (35.1%)"
512,2026-07-06,,Charlotte Hornets,,,"Charlotte Hornets Acquire: Dorian Finney-Smith · $13,335,000 2027 2nd round pick (MEM) 2028 2nd round pick (HOU) 2033 2nd round pick (HOU) Cap Hit Sum: $13,335,000 Cap Hit Change: +$13,335,000"
512,2026-07-06,,Houston Rockets,,"Dorian Finney-Smith · $13,335,000","Houston Rockets Acquire: Cash: $110,000 Trade Exceptions Generated: Dorian Finney-Smith · $13,335,000 Cap Hit Sum: $0 Cap Hit Change: -$13,335,000 (-100%)"
514,2026-07-08,Six-Way Trade,Memphis Grizzlies,,,"Memphis Grizzlies Acquire: From DET: Isaiah Stewart · $15,000,000 From WAS: D'Angelo Russell · $5,969,250 2029 2nd round pick (LAL) 2032 2nd round pick (UTA) [Swap Option]* 2033 2nd round pick (MIL) From DAL: A.J. Johnson · $3,237,120 2029 2nd round pick (HOU) 2030 1st round pick (GSW) [Protected]** *Swap Option Details: Most favorable of MEM, PHI and UTA 2032 2nd round pick swap *Swap Option Result: Pending **Protected Details: Top 20 protected. Becomes a 2nd round pick if protected. **Protected Result: Pending Cap Hit Sum: $24,206,370 Cap Hit Change: +$7,199,327 (42.3%)"
514,2026-07-08,Six-Way Trade,Detroit Pistons,,"Isaiah Stewart · $15,000,000 Marcus Sasser · $5,198,983","Detroit Pistons Acquire: From LAC: John Collins · $15,740,741 From MIL: Gary Harris · $3,815,861 Taurean Prince · $3,815,861 From MEM: 2029 2nd round pick (NYK) [Conditional]* 2031 2nd round pick (DAL) 2032 2nd round pick (DET) *Conditions: Second most favorable of NYK/DET/MIL *Conditional Result: Pending Trade Exceptions Generated: Isaiah Stewart · $15,000,000 Marcus Sasser · $5,198,983 Cap Hit Sum: $23,372,463 Cap Hit Change: -$11,635,720 (-33.2%)"
514,2026-07-08,Six-Way Trade,LA Clippers,,"John Collins · $15,740,741","LA Clippers Acquire: From DET: 2028 2nd round pick (DET) [Conditional]* *Conditions: Top 55 protected. *Conditional Result: Pending Trade Exceptions Generated: John Collins · $15,740,741 Cap Hit Sum: $0 Cap Hit Change: -$15,740,741 (-100%)"
514,2026-07-08,Six-Way Trade,Milwaukee Bucks,,,"Milwaukee Bucks Acquire: From DET: Caris LeVert · $14,809,200 2027 2nd round pick (DAL) [Conditional]* 2027 2nd round pick (MIL) From LAC: Cash: $1,100,000 *Conditions: least favourable of DAL/BKN *Conditional Result: Pending Cap Hit Sum: $14,809,200 Cap Hit Change: +$7,177,478 (94%)"
514,2026-07-08,Six-Way Trade,Washington Wizards,,"D'Angelo Russell · $5,969,250","Washington Wizards Acquire: From DAL: Khris Middleton · $5,587,302 2033 2nd round pick (DAL) From LAC: Cash: Value unknown Trade Exceptions Generated: D'Angelo Russell · $5,969,250 Cap Hit Sum: $5,587,302 Cap Hit Change: -$381,948 (-6.4%)"
514,2026-07-08,Six-Way Trade,Dallas Mavericks,,,"Dallas Mavericks Acquire: From MEM: Santi Aldama · $17,007,043 Tarik Biberovic · $0 (Signing Rights) From DET: Marcus Sasser · $5,198,983 Cap Hit Sum: $22,206,026 Cap Hit Change: +$13,381,604 (151.6%)"
515,2026-07-19,,Atlanta Hawks,,,"Atlanta Hawks Acquire: From OKC: Luguentz Dort · $18,222,222 From DAL: Ryan Nembhard · $2,150,917 Cap Hit Sum: $20,373,139 Cap Hit Change: +$6,547,099 (47.4%)"
515,2026-07-19,,Dallas Mavericks,,"Ryan Nembhard · $2,150,917","Dallas Mavericks Acquire: From ATL: Zaccharie Risacher · $13,826,040 2027 2nd round pick (ATL) [Protected]* *Protected Details: Top 55 protected *Protected Result: Pending Trade Exceptions Generated: Ryan Nembhard · $2,150,917 Cap Hit Sum: $13,826,040 Cap Hit Change: +$11,675,123 (542.8%)"
515,2026-07-19,,Oklahoma City Thunder,,"Luguentz Dort · $17,722,222","Oklahoma City Thunder Acquire: From DAL: 2027 2nd round pick (CHI) From ATL: 2031 2nd round pick (ATL) [Conditional]* 2032 2nd round pick (ATL) [Conditional]** *Conditions: More favorable of ATL and HOU *Conditional Result: Pending **Conditions: More favorable of ATL and LAL **Conditional Result: Pending Trade Exceptions Generated: Luguentz Dort · $17,722,222 Cap Hit Sum: $0 Cap Hit Change: -$18,222,222 (-100%)"
516,2026-07-28,,LA Clippers,,,"LA Clippers Acquire: Johni Broome · $2,150,917 2027 2nd round pick (PHI) [Conditional]* *Conditions: LAC will receive a 2027 2nd round pick: 1. the most favorable of OKC/HOU/IND/MIA, 2. the more favorable of PHX/GSW, or 3. PHI's own. *Conditional Result: Pending Cap Hit Sum: $2,150,917 Cap Hit Change: +$2,150,917"
516,2026-07-28,,Philadelphia 76ers,,"Johni Broome · $2,150,917","Philadelphia 76ers Acquire: Cash: $1,000,000 Trade Exceptions Generated: Johni Broome · $2,150,917 Cap Hit Sum: $0 Cap Hit Change: -$2,150,917 (-100%)"
517,2026-08-20,Five-Way Trade,Denver Nuggets,,"Peyton Watson · $10,232,558","Denver Nuggets Acquire: From WAS: Julian Reese · $0 From CLE: 2031 1st round pick (CLE) 2032 2nd round pick (SAC) Trade Exceptions Generated: Peyton Watson · $10,232,558 Cap Hit Sum: $0 Cap Hit Change: -$19,642,857 (-100%)"
517,2026-08-20,Five-Way Trade,Washington Wizards,,,"Washington Wizards Acquire: From CHA: Tre Mann · $8,000,000 From LAC: 2027 2nd round pick (PHI) [Conditional]* From CLE: Cash: Value unknown *Conditions: The Wizards' will receive the second-most favorable of the following second-round picks: (a) the more favorable of Golden State and Phoenix, (b) the most favorable of Houston, Indiana, Miami, and Oklahoma City and (c) Philadelphia's pick. *Conditional Result: Pending Cap Hit Sum: $8,000,000 Cap Hit Change: +$2,541,690 (46.6%)"
517,2026-08-20,Five-Way Trade,LA Clippers,,,"LA Clippers Acquire: From CLE: Max Strus · $16,660,836 Cap Hit Sum: $16,660,836 Cap Hit Change: +$16,660,836"
517,2026-08-20,Five-Way Trade,Cleveland Cavaliers,,"Max Strus · $16,660,836","Cleveland Cavaliers Acquire: From DEN: Peyton Watson · $19,642,857 From WAS: Cam Whitmore · $5,458,310 From LAC: Ismael Kamagate · $0 (Signing Rights) Trade Exceptions Generated: Max Strus · $16,660,836 Cap Hit Sum: $25,101,167 Cap Hit Change: -$6,368,869 (-20.2%)"
517,2026-08-20,Five-Way Trade,Charlotte Hornets,14809200,,"Charlotte Hornets Acquire: From CLE: Dennis Schroder · $14,809,200 Cash: $4,350,000 Cap Hit Sum: $14,809,200 Cap Hit Change: +$6,809,200 (85.1%)"
