team,snapshot_date,player_name,position,age,contract_type,cap_hit,base_salary,incentives_likely,incentives_unlikely,trade_bonus_proration,guaranteed
atlanta-hawks,2026-02-24,Jalen Johnson,SF,25,RK-EXT,30000000,30000000,,,,30000000
atlanta-hawks,2026-02-24,Dyson Daniels,PG,23,RK-EXT,25000000,25000000,,,,25000000
atlanta-hawks,2026-02-24,Jonathan Kuminga,PF,24,FA,24300000,24300000,,,,
atlanta-hawks,2026-02-24,Onyeka Okongwu,C,26,RK-EXT,16100000,16100000,,,,16100000
atlanta-hawks,2026-02-24,Nickeil Alexander-Walker,SG,28,S&T,14403710,14403710,,,,14403710
atlanta-hawks,2026-02-24,Corey Kispert,SF,27,RK-EXT,13975000,13975000,,,,13975000
atlanta-hawks,2026-02-24,Zaccharie Risacher,SF,21,RK-1ST,13826040,13826040,,,,13826040
atlanta-hawks,2026-02-24,Buddy Hield,SG,34,S&T,9658536,9658536,,,,3000000
atlanta-hawks,2026-02-24,Asa Newell,PF,21,RK-1ST,3399480,3399480,,,,3399480
atlanta-hawks,2026-02-24,Mouhamed Gueye,PF,24,RK-2ND,2406205,2406205,,,,
boston-celtics,2026-01-16,Jayson Tatum,PF,28,DVET-EXT,58456566,58456566,,,,58456566
boston-celtics,2026-01-16,Jaylen Brown,SF,30,DVET-EXT,57078728,57078728,,,,57078728
boston-celtics,2026-01-16,Derrick White,PG,32,VET-EXT,30348000,28458000,1890000,,,28458000
boston-celtics,2026-01-16,Sam Hauser,SF,29,VET-EXT,10848215,10848215,,,,10848215
boston-celtics,2026-01-16,Payton Pritchard,PG,29,RK-EXT,7767857,7767857,,,,7767857
boston-celtics,2026-01-16,Hugo Gonzalez,SF,20,RK-1ST,2923560,2923560,,,,2923560
boston-celtics,2026-01-16,Luka Garza,C,28,FA,2801346,2801346,,,,2801346
boston-celtics,2026-01-16,Baylor Scheierman,SG,26,RK-1ST,2744040,2744040,,,,2744040
boston-celtics,2026-01-16,Neemias Queta,C,27,FA,2667944,2667944,,,,
boston-celtics,2026-01-16,Josh Minott,SF,24,FA,2584539,2584539,,,,
boston-celtics,2026-01-16,Jordan Walsh,SF,22,RK-2ND,2406205,2406205,,,,
brooklyn-nets,2026-02-26,Michael Porter Jr.,SF,28,DRK-EXT,40806150,40806150,,,,40806150
brooklyn-nets,2026-02-26,Nicolas Claxton,C,27,FA,23147727,23147727,,715907,,23147727
brooklyn-nets,2026-02-26,Terance Mann,SG,30,VET-EXT,15500000,15500000,,,,15500000
brooklyn-nets,2026-02-26,Egor Demin,PG,20,RK-1ST,7233720,7233720,,,,7233720
brooklyn-nets,2026-02-26,Day'Ron Sharpe,C,25,FA,6250000,6250000,,,,
brooklyn-nets,2026-02-26,Ziaire Williams,SF,25,FA,6250000,6250000,,,,
brooklyn-nets,2026-02-26,Noah Clowney,PF,22,RK-1ST,5414034,5414034,,,,5414034
brooklyn-nets,2026-02-26,Nolan Traore,PG,20,RK-1ST,4002000,4002000,,,,4002000
brooklyn-nets,2026-02-26,Drake Powell,SF,21,RK-1ST,3540600,3540600,,,,3540600
brooklyn-nets,2026-02-26,Ben Saraf,PG,20,RK-1ST,3028560,3028560,,,,3028560
brooklyn-nets,2026-02-26,Danny Wolf,PF,22,RK-1ST,2941440,2941440,,,,2941440
brooklyn-nets,2026-02-26,Josh Minott,SF,24,FA,2584539,2584539,,,,
charlotte-hornets,2026-03-11,LaMelo Ball,PG,25,DRK-EXT,40770520,40770520,,,,40770520
charlotte-hornets,2026-03-11,Miles Bridges,SF,28,FA,22826087,22826087,,,,22826087
charlotte-hornets,2026-03-11,Brandon Miller,SF,24,RK-1ST,15104626,15104626,,,,15104626
charlotte-hornets,2026-03-11,Josh Green,SG,26,RK-EXT,14679012,14679012,,,,14679012
charlotte-hornets,2026-03-11,Grant Williams,PF,28,S&T,14265750,14265750,,,,14265750
charlotte-hornets,2026-03-11,Kon Knueppel,SF,21,RK-1ST,10516560,10516560,,,,10516560
charlotte-hornets,2026-03-11,Tidjane Salaun,PF,21,RK-1ST,8237880,8237880,,,,8237880
charlotte-hornets,2026-03-11,Tre Mann,PG,25,FA,8000000,8000000,,,,8000000
charlotte-hornets,2026-03-11,Pat Connaughton,SG,34,ROS,3815861,3815861,,,,
charlotte-hornets,2026-03-11,Liam McNeeley,SF,21,RK-1ST,2902080,2902080,,,,2902080
charlotte-hornets,2026-03-11,Moussa Diabate,PF,25,ROS,2461462,2461462,,,,
charlotte-hornets,2026-03-11,Sion James,SF,24,RK-2ND,2411090,2411090,,,,2411090
charlotte-hornets,2026-03-11,Ryan Kalkbrenner,C,25,RK-2ND,2411090,2411090,,,,2411090
chicago-bulls,2025-09-10,Josh Giddey,SG,24,FA,24107143,24107143,,,,24107143
chicago-bulls,2025-09-10,Patrick Williams,PF,25,FA,18000000,18000000,,,,18000000
chicago-bulls,2025-09-10,Isaac Okoro,SG,26,FA,11814814,11814814,,1772221,,11814814
chicago-bulls,2025-09-10,Jalen Smith,PF,26,FA,9428571,9428571,,,,9428571
chicago-bulls,2025-09-10,Tre Jones,PG,27,FA,8000000,8000000,,,,8000000
chicago-bulls,2025-09-10,Matas Buzelis,SF,22,RK-1ST,5715360,5715360,,,,
chicago-bulls,2025-09-10,Noa Essengue,PF,20,RK-1ST,5701200,5701200,,,,5701200
chicago-bulls,2025-09-10,Julian Phillips,SF,23,RK-2ND,2406205,2406205,,,,2406205
cleveland-cavaliers,2025-11-16,Donovan Mitchell,SG,30,VET-EXT,50105628,50105628,,,,50105628
cleveland-cavaliers,2025-11-16,Evan Mobley,PF,25,DRK-EXT,50105628,50105628,,,,50105628
cleveland-cavaliers,2025-11-16,Darius Garland,PG,27,DRK-EXT,42166510,42166510,,,,42166510
cleveland-cavaliers,2025-11-16,Jarrett Allen,C,28,VET-EXT,28000000,28000000,,,,28000000
cleveland-cavaliers,2025-11-16,De'Andre Hunter,SF,29,RK-EXT,24910714,24910714,,1250000,,24910714
cleveland-cavaliers,2025-11-16,Max Strus,SG,30,S&T,16660836,16660836,,,,16660836
cleveland-cavaliers,2025-11-16,Lonzo Ball,PG,29,EXT,10000000,10000000,,,,10000000
cleveland-cavaliers,2025-11-16,Sam Merrill,SG,30,FA,9160715,9160715,,,,9160715
cleveland-cavaliers,2025-11-16,Jaylon Tyson,SG,24,RK-1ST,3658560,3658560,,,,3658560
cleveland-cavaliers,2025-11-16,Craig Porter Jr.,G,26,ROS,2406205,2406205,,,,
cleveland-cavaliers,2025-11-16,Tyrese Proctor,SG,22,RK-2ND,2150917,2150917,,,,2150917
dallas-mavericks,2026-07-18,Kyrie Irving,PG,34,FA,39491282,39491282,,,,39491282
dallas-mavericks,2026-07-18,PJ Washington,PF,28,VET-EXT,19813044,19813044,,,,19813044
dallas-mavericks,2026-07-18,Klay Thompson,SG,36,S&T,17460317,17460317,,,,17460317
dallas-mavericks,2026-07-18,Daniel Gafford,C,28,VET-EXT,17263584,17263584,,,,17263584
dallas-mavericks,2026-07-18,Santi Aldama,C,26,FA,17007043,17007043,,,,17007043
dallas-mavericks,2026-07-18,Cooper Flagg,SF,20,RK-1ST,14517480,14517480,,,,14517480
dallas-mavericks,2026-07-18,Caleb Martin,SF,31,FA,10001494,8963901,,1344585,,8963901
dallas-mavericks,2026-07-18,Naji Marshall,SF,29,FA,9428571,9428571,,,,9428571
dallas-mavericks,2026-07-18,Max Christie,SG,23,FA,8285714,8285714,,,,8285714
dallas-mavericks,2026-07-18,Dereck Lively II,C,22,RK-1ST,7239131,7239131,,,,7239131
dallas-mavericks,2026-07-18,Morez Johnson Jr.,C,21,RK-1ST,6754800,6754800,,,,6754800
dallas-mavericks,2026-07-18,Marcus Sasser,PG,26,RK-1ST,5198983,5198983,,,,5198983
dallas-mavericks,2026-07-18,Sergio de Larrea,SG,21,RK-1ST,3182280,3182280,,,,3182280
dallas-mavericks,2026-07-18,Tarik Biberovic,PF,26,RK,3000000,3000000,,,,3000000
dallas-mavericks,2026-07-18,Ryan Nembhard,PG,23,ROS,2150917,2150917,,,,
denver-nuggets,2025-10-21,Nikola Jokic,C,31,DVET-EXT,59033114,59033114,,,,59033114
denver-nuggets,2025-10-21,Jamal Murray,PG,29,VET-EXT,50105628,50105628,,,,50105628
denver-nuggets,2025-10-21,Aaron Gordon,PF,31,VET-EXT,31978037,31978037,,1680000,,31978037
denver-nuggets,2025-10-21,Cameron Johnson,SF,30,FA,23062500,22500000,562500,3937500,,22500000
denver-nuggets,2025-10-21,Christian Braun,SG,25,RK-EXT,21551724,21551724,,,,21551724
denver-nuggets,2025-10-21,Jonas Valanciunas,C,34,S&T,10000000,10000000,,,,
denver-nuggets,2025-10-21,Zeke Nnaji,PF,26,RK-EXT,7466667,7466667,,,,7466667
denver-nuggets,2025-10-21,Julian Strawther,SF,24,RK-1ST,4826931,4826931,,,,4826931
denver-nuggets,2025-10-21,DaRon Holmes II,PF,24,RK-1ST,3372120,3372120,,,,
denver-nuggets,2025-10-21,Jalen Pickett,PG,27,RK-2ND,2406205,2406205,,,,
denver-nuggets,2025-10-21,Hunter Tyson,SF,26,RK-2ND,2406205,2406205,,,,
detroit-pistons,2026-03-11,Cade Cunningham,PG,24,DRK-EXT,46394100,46394100,,,,46394100
detroit-pistons,2026-03-11,Tobias Harris,PF,33,FA,26634146,26634146,,,,26634146
detroit-pistons,2026-03-11,Kevin Huerter,SG,27,RK-EXT,17991071,17991071,,,,17991071
detroit-pistons,2026-03-11,Duncan Robinson,SF,31,S&T,16834692,16834692,,,,16834692
detroit-pistons,2026-03-11,Isaiah Stewart,C,24,RK-EXT,15000000,15000000,,1000000,,15000000
detroit-pistons,2026-03-11,Caris LeVert,SG,31,FA,14104000,14104000,,,,14104000
detroit-pistons,2026-03-11,Ausar Thompson,SG,23,RK-1ST,8775000,8775000,,,,8775000
detroit-pistons,2026-03-11,Ron Holland II,SF,20,RK-1ST,8657280,8657280,,,,8657280
detroit-pistons,2026-03-11,Jalen Duren,C,22,RK-1ST,6483144,6483144,,,,6483144
detroit-pistons,2026-03-11,Paul Reed,C,26,FA,5335894,5335894,,,,5335894
detroit-pistons,2026-03-11,Daniss Jenkins,G,24,ROS,3809524,3809524,,,,3809524
detroit-pistons,2026-03-11,Marcus Sasser,PG,25,RK-1ST,2886720,2886720,,,,2886720
detroit-pistons,2026-03-11,Javonte Green,SG,32,FA,2296274,2874436,,,,2874436
detroit-pistons,2026-03-11,Bobi Klintman,SF,22,RK-2ND,1955377,1955377,,,,1955377
detroit-pistons,2026-03-11,Chaz Lanier,SG,24,RK-2ND,1272870,1272870,,,,1272870
golden-state-warriors,2026-07-11,De'Anthony Melton,SG,28,FA,5477000,5477000,,,,5477000
golden-state-warriors,2026-07-11,Stephen Curry,PG,38,VET-EXT,62587158,62587158,,,,62587158
golden-state-warriors,2026-07-11,Jimmy Butler,SF,37,VET-EXT,56832773,56832773,,,,56832773
golden-state-warriors,2026-07-11,Kristaps Porzingis,PF,31,VET-EXT,20000000,20000000,,,,20000000
golden-state-warriors,2026-07-11,Moses Moody,SG,24,RK-EXT,12500000,12500000,,500000,,12500000
golden-state-warriors,2026-07-11,Al Horford,C,40,FA,6822000,6822000,,,,6822000
golden-state-warriors,2026-07-11,Yaxel Lendeborg,PF,24,RK-1ST,6096240,6096240,,,,6096240
golden-state-warriors,2026-07-11,Brandin Podziemski,SG,23,RK-1ST,5679459,5679459,,,,5679459
golden-state-warriors,2026-07-11,Gui Santos,SF,24,VET-EXT,4629630,4629630,,,,4629630
golden-state-warriors,2026-07-11,Charles Bassey,C,26,FA,2449421,2845883,,,,2845883
golden-state-warriors,2026-07-11,Will Richard,G,24,RK-2ND,2150917,2150917,,,,2150917
houston-rockets,2025-06-23,Alperen Sengun,C,24,RK-EXT,35642202,35642202,,,,35642202
houston-rockets,2025-06-23,Steven Adams,C,33,VET-EXT,13000000,13000000,,,,13000000
houston-rockets,2025-06-23,Amen Thompson,PG,24,RK-1ST,12258609,12258609,,,,12258609
houston-rockets,2025-06-23,Reed Sheppard,SG,22,RK-1ST,11108880,11108880,,,,
houston-rockets,2025-06-23,Jock Landale,C,31,FA,8000000,8000000,,,,
houston-rockets,2025-06-23,Cam Whitmore,SF,22,RK-1ST,5458310,5458310,,,,5458310
houston-rockets,2025-06-23,Jeenathan Williams,SG,27,ROS,2461462,2461462,,,,
indiana-pacers,2026-07-12,Tyrese Haliburton,PG,26,DRK-EXT,48924624,48924624,,,,48924624
indiana-pacers,2026-07-12,Pascal Siakam,PF,32,FA,48924624,48924624,,,,48924624
indiana-pacers,2026-07-12,Ivica Zubac,C,29,VET-EXT,20342140,19550160,,,,19550160
indiana-pacers,2026-07-12,Andrew Nembhard,PG,27,VET-EXT,19550160,19550160,,,,19550160
indiana-pacers,2026-07-12,Obi Toppin,PF,28,FA,15000000,15000000,,480000,,15000000
indiana-pacers,2026-07-12,T.J. McConnell,PG,34,VET-EXT,11000000,11000000,,,,11000000
indiana-pacers,2026-07-12,Aaron Nesmith,SF,27,RK-EXT,11000000,11000000,,,,11000000
indiana-pacers,2026-07-12,Jarace Walker,PF,23,RK-1ST,8478542,8478542,,,,8478542
indiana-pacers,2026-07-12,Kelly Oubre Jr.,SF,31,FA,8050000,8050000,,,,8050000
indiana-pacers,2026-07-12,Ben Sheppard,SF,25,RK-1ST,5031669,5031669,,,,5031669
indiana-pacers,2026-07-12,Jay Huff,C,28,,2667944,2667944,,,,379382
indiana-pacers,2026-07-12,Quenton Jackson,G,28,ROS,2584539,2584539,,,,275000
indiana-pacers,2026-07-12,Larry Nance Jr.,PF,34,FA,2449421,3876529,,,,3876529
indiana-pacers,2026-07-12,Johnny Furphy,SG,22,RK-2ND,2296271,2296271,,,,2296271
los-angeles-clippers,2026-04-16,Kawhi Leonard,SF,35,VET-EXT,50300000,50300000,,,,50300000
los-angeles-clippers,2026-04-16,Darius Garland,PG,27,DRK-EXT,42166510,42166510,,,,42166510
los-angeles-clippers,2026-04-16,Bogdan Bogdanovic,SG,34,VET-EXT,16020000,16020000,,,,
los-angeles-clippers,2026-04-16,Derrick Jones Jr.,SF,29,FA,10476190,10476190,,,,10476190
los-angeles-clippers,2026-04-16,Brook Lopez,C,38,FA,9187500,9187500,,,,
los-angeles-clippers,2026-04-16,Isaiah Jackson,PF,25,FA,7000000,7000000,,,,7000000
los-angeles-clippers,2026-04-16,Nicolas Batum,SF,38,FA,5881680,5881680,,,,
los-angeles-clippers,2026-04-16,Kris Dunn,PG,32,S&T,5684800,5684800,,,,
los-angeles-clippers,2026-04-16,Bradley Beal,SG,33,FA,5621700,5621700,,,,5621700
los-angeles-clippers,2026-04-16,Yanic Konan Niederhauser,F,23,RK-1ST,2880960,2880960,,,,2880960
los-angeles-clippers,2026-04-16,Jordan Miller,SF,27,ROS,2497812,2497812,,,,
los-angeles-clippers,2026-04-16,Cameron Christie,SG,21,RK-2ND,2296271,2296271,,,,
los-angeles-clippers,2026-04-16,Kobe Sanders,G,24,ROS,2150917,2150917,,,,
los-angeles-lakers,2026-07-12,Austin Reaves,SG,28,FA,41240250,41240250,,,,41240250
los-angeles-lakers,2026-07-12,Collin Sexton,PG,28,FA,9366000,9366000,,,,9366000
los-angeles-lakers,2026-07-12,Kevon Looney,C,30,FA,2449421,3876529,,,,3876529
los-angeles-lakers,2026-07-12,Luka Doncic,PG,27,VET-EXT,49488300,49488300,,,,49488300
los-angeles-lakers,2026-07-12,Walker Kessler,C,25,S&T,30108821,30108821,,,,30108821
los-angeles-lakers,2026-07-12,Quentin Grimes,SG,26,FA,13953489,13953489,,,,13953489
los-angeles-lakers,2026-07-12,Sandro Mamukelashvili,C,27,FA,13000000,13000000,,,,13000000
los-angeles-lakers,2026-07-12,Jarred Vanderbilt,PF,27,VET-EXT,12428571,12428571,,,,12428571
los-angeles-lakers,2026-07-12,Jaden Hardy,SG,24,VET-EXT,6000000,6000000,,,,6000000
los-angeles-lakers,2026-07-12,Jake LaRavia,PF,25,FA,6000000,6000000,,,,6000000
los-angeles-lakers,2026-07-12,Dalton Knecht,SF,25,RK-1ST,4201080,4201080,,,,4201080
los-angeles-lakers,2026-07-12,Cameron Carr,SG,22,RK-1ST,3315360,3315360,,,,3315360
los-angeles-lakers,2026-07-12,Bronny James,PG,22,RK-2ND,2296271,2296271,,,,2296271
los-angeles-lakers,2026-07-12,Adou Thiero,SF,22,RK-2ND,2150917,2150917,,,,2150917
memphis-grizzlies,2026-07-11,Jerami Grant,PF,32,FA,34206898,34206898,,,,34206898
memphis-grizzlies,2026-07-11,Kentavious Caldwell-Pope,SG,33,FA,21621500,21621500,,,,21621500
memphis-grizzlies,2026-07-11,Isaiah Stewart,C,25,RK-EXT,15000000,15000000,,1000000,,15000000
memphis-grizzlies,2026-07-11,Ty Jerome,SG,29,FA,9220050,9220050,,,,9220050
memphis-grizzlies,2026-07-11,Quinten Post,C,26,FA,9000000,9000000,,1350000,,9000000
memphis-grizzlies,2026-07-11,Taylor Hendricks,PF,23,RK-1ST,7805900,7805900,,,,7805900
memphis-grizzlies,2026-07-11,Zach Edey,C,24,RK-1ST,6332760,6332760,,,,
memphis-grizzlies,2026-07-11,Cedric Coward,SG,23,RK-1ST,6001080,6001080,,,,6001080
memphis-grizzlies,2026-07-11,D'Angelo Russell,PG,30,FA,5969250,5969250,,,,5969250
memphis-grizzlies,2026-07-11,Kris Murray,PF,26,RK-1ST,5315004,5315004,,,,5315004
memphis-grizzlies,2026-07-11,Walter Clayton Jr.,PG,23,RK-1ST,4190520,4190520,,,,4190520
memphis-grizzlies,2026-07-11,Taj Gibson,C,41,ROS,3815861,3815861,,,,
memphis-grizzlies,2026-07-11,AJ Johnson,PG,22,RK-1ST,3237120,3237120,,,,3237120
memphis-grizzlies,2026-07-11,Olivier-Maxence Prosper,PF,24,ROS,2497812,2497812,,,,2497812
memphis-grizzlies,2026-07-11,Scotty Pippen Jr.,PG,26,,2461462,2461462,,,,2461462
memphis-grizzlies,2026-07-11,Cam Spencer,SG,26,FA,2411090,2411090,,,,2411090
memphis-grizzlies,2026-07-11,G.G. Jackson,PF,22,ROS,2406205,2406205,,,,2406205
memphis-grizzlies,2026-07-11,Jaylen Wells,SG,23,RK-2ND,2296271,2296271,,,,300000
miami-heat,2025-10-02,Bam Adebayo,C,29,VET-EXT,49641600,49641600,,,,49641600
miami-heat,2025-10-02,Tyler Herro,SG,27,RK-EXT,33000000,33000000,,2500000,,33000000
miami-heat,2025-10-02,Andrew Wiggins,SF,31,VET-EXT,30169644,30169644,,,,30169644
miami-heat,2025-10-02,Nikola Jovic,SF,23,RK-EXT,13928571,13928571,,,,13928571
miami-heat,2025-10-02,Davion Mitchell,PG,28,FA,12400000,12400000,,,,12400000
miami-heat,2025-10-02,Jaime Jaquez Jr.,SF,25,RK-1ST,5939141,5939141,,,,5939141
miami-heat,2025-10-02,Kel'el Ware,C,22,RK-1ST,4654920,4654920,,,,
miami-heat,2025-10-02,Kasparas Jakucionis,PG,20,RK-1ST,3841680,3841680,,,,3841680
miami-heat,2025-10-02,Dru Smith,SG,29,FA,2584539,2584539,,,,
miami-heat,2025-10-02,Pelle Larsson,SG,25,RK-2ND,2296271,2296271,,,,
miami-heat,2025-10-02,Myron Gardner,G,25,2W,,,,,,
milwaukee-bucks,2026-07-12,Gary Trent Jr.,SG,28,FA,14285714,14285714,,,,14285714
milwaukee-bucks,2026-07-12,Tyler Herro,SG,27,RK-EXT,33000000,33000000,,2500000,,33000000
milwaukee-bucks,2026-07-12,Myles Turner,C,30,FA,26584164,26584164,,,,26584164
milwaukee-bucks,2026-07-12,Kyle Kuzma,PF,31,FA,20490152,19431819,725000,2275000,,19431819
milwaukee-bucks,2026-07-12,Caris LeVert,SG,32,FA,14809200,14809200,,,,14809200
milwaukee-bucks,2026-07-12,AJ Green,SG,27,VET-EXT,10044644,10044644,,,,10044644
milwaukee-bucks,2026-07-12,Brayden Burries,SG,21,RK-1ST,6417360,6417360,,,,6417360
milwaukee-bucks,2026-07-12,Jaime Jaquez Jr.,SF,25,RK-1ST,5939141,5939141,,,,5939141
milwaukee-bucks,2026-07-12,Nate Ament,PF,20,RK-1ST,5502000,5502000,,,,5502000
milwaukee-bucks,2026-07-12,Ousmane Dieng,SF,23,FA,5401235,5401235,,,,5401235
milwaukee-bucks,2026-07-12,Kevin Porter Jr.,PG,26,FA,5390700,5390700,,,,5390700
milwaukee-bucks,2026-07-12,Kel'el Ware,C,22,RK-1ST,4654920,4654920,,,,
milwaukee-bucks,2026-07-12,Ryan Rollins,SG,24,FA,4000000,4000000,,,,4000000
milwaukee-bucks,2026-07-12,Kasparas Jakucionis,PG,20,RK-1ST,3841680,3841680,,,,3841680
milwaukee-bucks,2026-07-12,Jericho Sims,C,28,FA,2801346,2801346,,,,2801346
milwaukee-bucks,2026-07-12,Pete Nance,PF,26,FA,2537526,2537526,,,,
milwaukee-bucks,2026-07-12,Bogoljub Marković,PF,21,RK-2ND,1357763,1357763,,,,1357763
minnesota-timberwolves,2023-11-14,Anthony Edwards,SG,25,DRK-EXT,48924624,48924624,,,,48924624
minnesota-timberwolves,2023-11-14,LaMelo Ball,PG,25,DRK-EXT,40770520,40770520,,,,40770520
minnesota-timberwolves,2023-11-14,Rudy Gobert,C,34,VET-EXT,36500000,36500000,,,,36500000
minnesota-timberwolves,2023-11-14,Julius Randle,PF,32,FA,33333334,33333334,,,,33333334
minnesota-timberwolves,2023-11-14,Jaden McDaniels,PF,26,RK-EXT,26200000,26200000,,1000000,,26200000
minnesota-timberwolves,2023-11-14,Ayo Dosunmu,PG,27,FA,19310345,19310345,,,,19310345
minnesota-timberwolves,2023-11-14,Josh Green,SG,26,RK-EXT,14679012,14679012,,,,14679012
minnesota-timberwolves,2023-11-14,Donte DiVincenzo,SG,30,FA,12535000,12535000,,750000,,12535000
minnesota-timberwolves,2023-11-14,Joan Beringer,C,20,RK-1ST,4411200,4411200,,,,4411200
minnesota-timberwolves,2023-11-14,Jaylen Clark,SG,25,FA,3086420,3086420,,,,3086420
minnesota-timberwolves,2023-11-14,Nah'Shon Hyland,PG,26,FA,2845883,2845883,,,,2845883
minnesota-timberwolves,2023-11-14,Terrence Shannon Jr.,SG,26,RK-1ST,2801640,2801640,,,,2801640
minnesota-timberwolves,2023-11-14,Trey Lyles,PF,31,FA,2449421,3876529,,,,3876529
minnesota-timberwolves,2023-11-14,Isaiah Evans,SG,21,RK,1357763,1357763,,,,
new-orleans-pelicans,2026-02-25,Zion Williamson,PF,26,DRK-EXT,42166510,42166510,,,,
new-orleans-pelicans,2026-02-25,Jordan Poole,SG,27,RK-EXT,34044642,34044642,,3750000,,34044642
new-orleans-pelicans,2026-02-25,Dejounte Murray,PG,30,VET-EXT,32785071,28767536,,2435997,,28767536
new-orleans-pelicans,2026-02-25,Trey Murphy III,SF,26,RK-EXT,27000000,27000000,,,,27000000
new-orleans-pelicans,2026-02-25,Herb Jones,SF,28,FA,14898786,14898786,,,,14898786
new-orleans-pelicans,2026-02-25,Kevon Looney,C,30,FA,8000000,8000000,,,,
new-orleans-pelicans,2026-02-25,Jeremiah Fears,PG,20,RK-1ST,7896240,7896240,,,,7896240
new-orleans-pelicans,2026-02-25,Jordan Hawkins,SG,24,RK-1ST,7021895,7021895,,,,7021895
new-orleans-pelicans,2026-02-25,Saddiq Bey,SF,27,FA,6440678,6440678,,349206,,6440678
new-orleans-pelicans,2026-02-25,Derik Queen,C,22,RK-1ST,5416080,5416080,,,,5416080
new-orleans-pelicans,2026-02-25,Yves Missi,C,22,RK-1ST,3512760,3512760,,,,3512760
new-orleans-pelicans,2026-02-25,Bryce McGowens,SG,24,ROS,2584539,2584539,,,,2584539
new-orleans-pelicans,2026-02-25,Karlo Matkovic,PF,25,RK-2ND,2296271,2296271,,,,
new-orleans-pelicans,2026-02-25,Micah Peavy,SG,25,RK-2ND,2150917,2150917,,,,2150917
new-york-knicks,2026-03-25,Karl-Anthony Towns,C,31,DVET-EXT,57078728,57078728,,,,57078728
new-york-knicks,2026-03-25,OG Anunoby,SF,29,FA,42500000,42500000,,,,42500000
new-york-knicks,2026-03-25,Jalen Brunson,PG,30,VET-EXT,37739521,37739521,,,,37739521
new-york-knicks,2026-03-25,Mikal Bridges,SF,30,VET-EXT,33482145,33482145,,,,33482145
new-york-knicks,2026-03-25,Josh Hart,SG,31,VET-EXT,20923760,20923760,,,,20923760
new-york-knicks,2026-03-25,Jose Alvarado,PG,28,VET-EXT,4500000,4500000,,,,4500000
new-york-knicks,2026-03-25,Miles McBride,PG,26,VET-EXT,3956523,3956523,,,,3956523
new-york-knicks,2026-03-25,Pacome Dadiet,SG,21,RK-1ST,2983680,2983680,,,,2983680
new-york-knicks,2026-03-25,Tyler Kolek,PG,25,RK-2ND,2296271,2296271,,,,2296271
oklahoma-city-thunder,2025-07-30,Chet Holmgren,C,24,rookie-maximum-extension,41368000,41368000,,,,41368000
oklahoma-city-thunder,2025-07-30,Jalen Williams,SF,25,DRK-EXT,41368000,41368000,,,,41368000
oklahoma-city-thunder,2025-07-30,Shai Gilgeous-Alexander,PG,28,DRK-EXT,40806150,40806150,,,,40806150
oklahoma-city-thunder,2025-07-30,Isaiah Hartenstein,C,28,FA,28500000,28500000,,,,
oklahoma-city-thunder,2025-07-30,Alex Caruso,SG,32,VET-EXT,19550160,19550160,,,,19550160
oklahoma-city-thunder,2025-07-30,Luguentz Dort,SG,27,FA,18222222,17722222,500000,500000,,
oklahoma-city-thunder,2025-07-30,Isaiah Joe,SG,27,FA,11323006,11323006,,,,11323006
oklahoma-city-thunder,2025-07-30,Aaron Wiggins,SG,28,FA,9224300,8831776,392524,,,8831776
oklahoma-city-thunder,2025-07-30,Jaylin Williams,C,24,VET-EXT,7774648,7774648,,,,7774648
oklahoma-city-thunder,2025-07-30,Cason Wallace,PG,23,RK-1ST,7420806,7420806,,,,7420806
oklahoma-city-thunder,2025-07-30,Kenrich Williams,PF,32,VET-EXT,7163000,7163000,,,,
oklahoma-city-thunder,2025-07-30,Nikola Topic,PG,21,RK-1ST,5429760,5429760,,,,
oklahoma-city-thunder,2025-07-30,Thomas Sorber,C,21,RK-1ST,4887720,4887720,,,,4887720
oklahoma-city-thunder,2025-07-30,Ajay Mitchell,PG,24,FA,2850000,2850000,,,,1500000
orlando-magic,2025-08-02,Franz Wagner,SF,25,DRK-EXT,41754690,41754690,,,,41754690
orlando-magic,2025-08-02,Paolo Banchero,PF,24,DRK-EXT,41368000,41368000,,,,41368000
orlando-magic,2025-08-02,Desmond Bane,SG,28,RK-EXT,39446090,39446090,,1324430,,39446090
orlando-magic,2025-08-02,Jalen Suggs,SG,25,RK-EXT,32400000,32400000,,,,32400000
orlando-magic,2025-08-02,Wendell Carter Jr.,C,27,VET-EXT,18102000,18102000,,,,18102000
orlando-magic,2025-08-02,Jonathan Isaac,PF,29,VET-EXT,14500000,14500000,,,,8000000
orlando-magic,2025-08-02,Anthony Black,SG,23,RK-1ST,10106316,10106316,,,,10106316
orlando-magic,2025-08-02,Goga Bitadze,C,27,FA,7608696,7608696,,,,7608696
orlando-magic,2025-08-02,Jett Howard,SG,23,RK-1ST,7337939,7337939,,,,7337939
orlando-magic,2025-08-02,Tristan Da Silva,SF,25,RK-1ST,3991200,3991200,,,,
orlando-magic,2025-08-02,Jase Richardson,SG,21,RK-1ST,3132360,3132360,,,,3132360
orlando-magic,2025-08-02,Noah Penda,SF,22,RK-2ND,2150917,2150917,,,,2150917
philadelphia-76ers,2026-03-26,Joel Embiid,C,32,VET-EXT,57750000,57750000,,,,57750000
philadelphia-76ers,2026-03-26,Paul George,SG,36,FA,54126380,54126380,,,,54126380
philadelphia-76ers,2026-03-26,Tyrese Maxey,PG,26,FA,40770520,40770520,,,,40770520
philadelphia-76ers,2026-03-26,VJ Edgecombe,SG,21,RK-1ST,11663880,11663880,,,,11663880
philadelphia-76ers,2026-03-26,Dominick Barlow,PF,23,ROS,3415000,3415000,,,,
philadelphia-76ers,2026-03-26,Trendon Watford,PF,26,FA,2801346,2801346,,,,
philadelphia-76ers,2026-03-26,Jabari Walker,SF,24,ROS,2584539,2584539,,,,250000
philadelphia-76ers,2026-03-26,Justin Edwards,SG,23,FA,2411090,2411090,,,,2411090
philadelphia-76ers,2026-03-26,Adem Bona,C,23,RK-2ND,2296271,2296271,,,,
philadelphia-76ers,2026-03-26,Johni Broome,C,24,RK-2ND,2150917,2150917,,,,2150917
phoenix-suns,2026-07-12,Miles Bridges,SF,28,FA,22826087,22826087,,,,22826087
phoenix-suns,2026-07-12,Luke Kennard,SG,30,FA,6368000,6368000,,,,6368000
phoenix-suns,2026-07-12,Devin Booker,SG,30,DVET-EXT,57078728,57078728,,,,57078728
phoenix-suns,2026-07-12,Jalen Green,SG,24,RK-EXT,36251166,36000000,,,,36000000
phoenix-suns,2026-07-12,Dillon Brooks,SF,31,S&T,20992727,19992727,1000000,,,19992727
phoenix-suns,2026-07-12,Grayson Allen,SG,31,VET-EXT,18125000,18125000,,,,18125000
phoenix-suns,2026-07-12,Mark Williams,C,25,FA,11728395,11728395,,,,11728395
phoenix-suns,2026-07-12,Royce O'Neale,SF,33,FA,10875000,10875000,,500000,,10875000
phoenix-suns,2026-07-12,Collin Gillespie,PG,27,FA,10714286,10714286,,,,10714286
phoenix-suns,2026-07-12,Khaman Maluach,C,20,RK-1ST,6316680,6316680,,,,6316680
phoenix-suns,2026-07-12,Jordan Goodwin,PG,28,FA,5864198,5864198,,,,5864198
phoenix-suns,2026-07-12,Haywood Highsmith,F,30,ROS,3018158,3018158,,,,1000000
phoenix-suns,2026-07-12,Koa Peat,PF,20,RK-1ST,2926800,2926800,,,,2926800
phoenix-suns,2026-07-12,Ryan Dunn,SF,24,RK-1ST,2784240,2784240,,,,2784240
phoenix-suns,2026-07-12,Jamaree Bouyea,PG,27,ROS,2584539,2584539,,,,
phoenix-suns,2026-07-12,Oso Ighodaro,C,24,RK-2ND,2296271,2296271,,,,2296271
phoenix-suns,2026-07-12,Rasheer Fleming,PF,22,RK-2ND,2150917,2150917,,,,2150917
portland-trail-blazers,2025-07-22,Jrue Holiday,PG,35,VET-EXT,32400000,32400000,,,,32400000
portland-trail-blazers,2025-07-22,Jerami Grant,PF,31,FA,32000001,32000001,,,,32000001
portland-trail-blazers,2025-07-22,Deni Avdija,SF,25,RK-EXT,14375000,14375000,,,,14375000
portland-trail-blazers,2025-07-22,Damian Lillard,PG,35,FA,14104000,14104000,,,,14104000
portland-trail-blazers,2025-07-22,Robert Williams III,C,28,RK-EXT,13285713,13285713,,1660717,,13285713
portland-trail-blazers,2025-07-22,Matisse Thybulle,SG,28,FA,11550000,11550000,,,,11550000
portland-trail-blazers,2025-07-22,Scoot Henderson,PG,21,RK-1ST,10748040,10748040,,,,10748040
portland-trail-blazers,2025-07-22,Shaedon Sharpe,SG,22,RK-1ST,8399983,8399983,,,,8399983
portland-trail-blazers,2025-07-22,Donovan Clingan,C,21,RK-1ST,7178400,7178400,,,,7178400
portland-trail-blazers,2025-07-22,Hansen Yang,C,20,RK-1ST,4422360,4422360,,,,4422360
portland-trail-blazers,2025-07-22,Kris Murray,PF,25,RK-1ST,3132000,3132000,,,,3132000
portland-trail-blazers,2025-07-22,Toumani Camara,PF,25,RK-2ND,2221677,2221677,,,,
portland-trail-blazers,2025-07-22,Duop Reath,C,29,ROS,2221677,2221677,,,,
portland-trail-blazers,2025-07-22,Rayan Rupert,SG,21,RK-2ND,2221677,2221677,,,,
portland-trail-blazers,2025-07-22,Sidy Cissoko,SG,21,2W,,,,,,
portland-trail-blazers,2025-07-22,Caleb Love,G,24,2W,,,,,,
sacramento-kings,2026-03-11,Zach LaVine,SG,30,FA,47499660,45999660,,,,45999660
sacramento-kings,2026-03-11,Domantas Sabonis,PF,29,VET-EXT,42336000,42336000,,2600000,,42336000
sacramento-kings,2026-03-11,DeMar DeRozan,SF,36,S&T,24570000,24570000,,1000000,,24570000
sacramento-kings,2026-03-11,De'Andre Hunter,SF,28,RK-EXT,23303571,23303571,,1250000,,23303571
sacramento-kings,2026-03-11,Malik Monk,SG,27,FA,18797619,18797619,,,,18797619
sacramento-kings,2026-03-11,Keegan Murray,PF,25,RK-1ST,11144093,11144093,,,,11144093
sacramento-kings,2026-03-11,Devin Carter,PG,23,RK-1ST,4923720,4923720,,,,4923720
sacramento-kings,2026-03-11,Nique Clifford,SF,23,RK-1ST,3108120,3108120,,,,3108120
sacramento-kings,2026-03-11,Doug McDermott,SF,34,FA,2296274,3634153,,,,3634153
sacramento-kings,2026-03-11,Russell Westbrook,PG,37,FA,2296274,3634153,,,,3634153
sacramento-kings,2026-03-11,Drew Eubanks,C,28,FA,2296274,3080921,,,,3080921
sacramento-kings,2026-03-11,Precious Achiuwa,PF,26,ROS,2111516,2453285,,,,
sacramento-kings,2026-03-11,Maxime Raynaud,C,22,RK-2ND,1272870,1272870,,,,1272870
sacramento-kings,2026-03-11,Dylan Cardwell,PF,24,ROS,871000,871000,,,,871000
sacramento-kings,2026-03-11,Killian Hayes,PG,24,10D,131970,165197,,,,165197
san-antonio-spurs,2025-10-17,De'Aaron Fox,PG,28,DRK-EXT,37096620,37096620,,,,37096620
san-antonio-spurs,2025-10-17,Devin Vassell,SG,25,RK-EXT,27000000,27000000,,2200000,,27000000
san-antonio-spurs,2025-10-17,Harrison Barnes,PF,33,VET-EXT,19000000,19000000,,,,19000000
san-antonio-spurs,2025-10-17,Keldon Johnson,SF,26,RK-EXT,17500000,17500000,,1500000,,17500000
san-antonio-spurs,2025-10-17,Kelly Olynyk,PF,34,VET-EXT,13445122,13445122,,,,13445122
san-antonio-spurs,2025-10-17,Victor Wembanyama,C,22,RK-1ST,13376880,13376880,,,,13376880
san-antonio-spurs,2025-10-17,Dylan Harper,PG,19,RK-1ST,12370320,12370320,,,,12370320
san-antonio-spurs,2025-10-17,Luke Kornet,C,30,FA,11000000,11000000,,,,11000000
san-antonio-spurs,2025-10-17,Stephon Castle,PG,21,RK-1ST,9560520,9560520,,,,9560520
san-antonio-spurs,2025-10-17,Jeremy Sochan,PF,22,RK-1ST,7096231,7096231,,,,7096231
san-antonio-spurs,2025-10-17,Carter Bryant,PF,20,RK-1ST,4900320,4900320,,,,4900320
san-antonio-spurs,2025-10-17,Julian Champagnie,SF,24,FA,3000000,3000000,,,,3000000
san-antonio-spurs,2025-10-17,Jordan McLaughlin,PG,29,FA,2296274,2874436,,,,2874436
san-antonio-spurs,2025-10-17,Lindy Waters III,SF,28,FA,2296274,2461463,,,,500000
san-antonio-spurs,2025-10-17,Bismack Biyombo,C,33,E9,,3634153,,,,
san-antonio-spurs,2025-10-17,Micah Potter,C,27,E10,,2461463,,,,
san-antonio-spurs,2025-10-17,Stanley Umude,G,26,E10,,2378870,,,,
san-antonio-spurs,2025-10-17,Adam Flagler,G,26,E10,,2296274,,,,
san-antonio-spurs,2025-10-17,Harrison Ingram,SF,23,2W,,,,,,85300
san-antonio-spurs,2025-10-17,David Jones-Garcia,SF,24,2W,,,,,,85300
san-antonio-spurs,2025-10-17,Riley Minix,SF,25,2W,,,,,,
toronto-raptors,2025-11-25,Scottie Barnes,PF,24,DRK-EXT,38661750,38661750,,,,38661750
toronto-raptors,2025-11-25,Brandon Ingram,SF,28,VET-EXT,38095238,38095238,,,,38095238
toronto-raptors,2025-11-25,Immanuel Quickley,PG,26,FA,32500000,32500000,,2500000,,32500000
toronto-raptors,2025-11-25,R.J. Barrett,SG,25,RK-EXT,27705357,27705357,,3366072,,27705357
toronto-raptors,2025-11-25,Jakob Poeltl,C,30,FA,19500000,19500000,,500000,,19500000
toronto-raptors,2025-11-25,Ochai Agbaji,SF,25,RK-1ST,6383525,6383525,,,,6383525
toronto-raptors,2025-11-25,Collin Murray-Boyles,PF,20,RK-1ST,6332520,6332520,,,,6332520
toronto-raptors,2025-11-25,Gradey Dick,SG,22,RK-1ST,4990560,4990560,,,,4990560
toronto-raptors,2025-11-25,Ja'Kobe Walter,SG,21,RK-1ST,3638160,3638160,,,,3638160
toronto-raptors,2025-11-25,Sandro Mamukelashvili,C,26,FA,2461463,2461463,,,,2461463
toronto-raptors,2025-11-25,Garrett Temple,SG,39,FA,2296274,3634153,,,,3634153
toronto-raptors,2025-11-25,Jamison Battle,SF,24,ROS,1955377,1955377,,,,977689
toronto-raptors,2025-11-25,Jonathan Mogbo,C,24,RK-2ND,1955377,1955377,,,,1955377
toronto-raptors,2025-11-25,Jamal Shead,PG,23,RK-2ND,1955377,1955377,,,,1955377
toronto-raptors,2025-11-25,Chucky Hepburn,G,22,2W,,,,,,85300
toronto-raptors,2025-11-25,A.J. Lawson,F,25,2W,,,,,,85300
toronto-raptors,2025-11-25,Alijah Martin,SG,24,2W,,,,,,85300
utah-jazz,2026-02-11,Jaren Jackson Jr.,PF,27,VET-EXT,49000000,49000000,,,,49000000
utah-jazz,2026-02-11,Lauri Markkanen,PF,29,VET-EXT,46113154,46113154,,,,46113154
utah-jazz,2026-02-11,Ace Bailey,SF,20,RK-1ST,9523080,9523080,,,,9523080
utah-jazz,2026-02-11,Keyonte George,SG,23,RK-1ST,6563925,6563925,,,,6563925
utah-jazz,2026-02-11,John Konchar,SG,30,VET-EXT,6165000,6165000,,,,6165000
utah-jazz,2026-02-11,Cody Williams,SG,22,RK-1ST,6015600,6015600,,,,6015600
utah-jazz,2026-02-11,Brice Sensabaugh,SF,23,RK-1ST,4862237,4862237,,,,4862237
utah-jazz,2026-02-11,Sviatoslav Mykhailiuk,SG,29,FA,3850000,3850000,,,,
utah-jazz,2026-02-11,Kyle Filipowski,PF,23,RK,3000000,3000000,,,,
utah-jazz,2026-02-11,Isaiah Collier,PG,22,RK-1ST,2763960,2763960,,,,2763960
utah-jazz,2026-02-11,Vincent Williams Jr.,SF,26,ROS,2489752,2489752,,,,
washington-wizards,2025-10-15,Corey Kispert,SF,27,RK-EXT,13975000,13975000,,,,13975000
washington-wizards,2025-10-15,Alex Sarr,PF,21,RK-1ST,12370680,12370680,,,,
washington-wizards,2025-10-15,Bilal Coulibaly,SF,22,RK-1ST,9240012,9240012,,,,9240012
washington-wizards,2025-10-15,Tre Johnson,SG,20,RK-1ST,8649600,8649600,,,,8649600
washington-wizards,2025-10-15,Cam Whitmore,SF,22,RK-1ST,5458310,5458310,,,,5458310
washington-wizards,2025-10-15,Bub Carrington,PG,21,RK-1ST,4900560,4900560,,,,
washington-wizards,2025-10-15,Will Riley,SF,20,RK-1ST,3688320,3688320,,,,3688320
washington-wizards,2025-10-15,AJ Johnson,PG,22,RK-1ST,3237120,3237120,,,,
washington-wizards,2025-10-15,Kyshawn George,SG,23,RK-1ST,3108000,3108000,,,,
washington-wizards,2025-10-15,Dillon Jones,SF,25,RK-1ST,2884440,2884440,,,,
washington-wizards,2025-10-15,Justin Champagnie,SF,25,ROS,2667944,2667944,,,,
