id,baseSalary,capHit,capPct,name,payrollType,player,playerId,position,_source_team_ids
2306e6ef-6573-4fb2-9168-b733c2c35748,0,34975962,,Jonathan Kuminga,capHold,1630228,1630228,"PF, SF",1
c9d60aa3-e932-4b58-b883-1e778a2cfe3a,30000000,30000000,,Jalen Johnson,activeRoster,1630552,1630552,"SF, PF",1
d9e414d0-daca-479a-a29c-b615b66f01ec,25000000,25000000,,Dyson Daniels,activeRoster,1630700,1630700,"PG, SG",1
b2bddfaf-8305-4a49-a058-45f644801256,0,21850000,,Gabe Vincent,capHold,1629216,1629216,PG,1
2cee6092-9abd-4385-ad7f-96162ec0559d,21000000,21000000,,CJ McCollum,activeRoster,203468,203468,"SG, PG",1
882d416a-b554-416b-b312-4ad6ad6a6e7c,16100000,16100000,,Onyeka Okongwu,activeRoster,1630168,1630168,C,1
386cfe80-97d4-486e-a203-537aa6b145f8,14403710,14403710,,Nickeil Alexander-Walker,activeRoster,1629638,1629638,SG,1
c2abc0cf-ab06-493b-be33-66068325d2c7,14100000,14100000,,Jock Landale,activeRoster,1629111,1629111,C,1
098add36-056e-47f9-a655-fd80f500be7d,13975000,13975000,,Corey Kispert,activeRoster,1630557,1630557,SF,1
f0042963-28c7-4ea4-9c76-cc5923ab3f40,13826040,13826040,,Zaccharie Risacher,activeRoster,1642258,1642258,SF,1
f4e5deb0-b0b4-48d9-8dd8-3523388d5afb,9658536,9658536,,Buddy Hield,activeRoster,1627741,1627741,"SG, SF",1
da64bf32-a8e4-457f-9bd3-fc3266071b76,8831776,9028038,,Aaron Wiggins,activeRoster,1630598,1630598,SG,1
fa2598b8-4ae6-4ad9-ae85-cb1a5a55b8e0,7348680,7348680,,Kingston Flemings,activeRoster,1643412,1643412,PG,1
71148e2d-27f5-4eb3-b18c-fcd8a97141f2,5158080,5158080,,Devin Carter,activeRoster,1642269,1642269,PG,1
73b07ae3-731e-4318-83b0-3b76a1df4d0d,3453360,3453360,,Zuby Ejiofor,activeRoster,1643544,1643544,PF,1
bdd64716-2d1d-4edb-9eff-83ed08e7254b,3399480,3399480,,Asa Newell,activeRoster,1642854,1642854,PF,1
ca126912-51f9-4ee6-bca4-69bec8f0fa51,0,2449421,,Tony Bradley,capHold,1628396,1628396,C,1
40c43f43-c341-4976-b072-ff30b1c89d16,0,2449421,,Trent Forrest,capHold,1630235,1630235,"SG, PG",1
c0816f97-2dd6-4825-9c43-76acd28c559c,0,2449421,,Wesley Matthews,capHold,202083,202083,"SG, SF",1
a34f69ca-18f3-4b3f-a425-ce0c64dd47c6,0,2449421,,Christian Koloko,capHold,1631132,1631132,C,1
a840d65e-60f6-4a76-931f-f6ed8593f95f,0,2449421,,Keaton Wallace,capHold,1630811,1630811,PG,1
8a63d478-5cb2-43a1-ac8d-0ca208a9e76e,2406205,2406205,,Mouhamed Gueye,activeRoster,1631243,1631243,PF,1
a5ad7802-82b8-4eb4-babb-6224329bde5d,0,2185116,,Dylan Windler,capHold,1629685,1629685,SF,1
61824337-5f63-4f63-a508-e6b385c2a1ff,0,0,,Keshon Gilbert,twoWay,1642933,1642933,"PG, SG",1
8a317304-4bad-48c0-999b-ad572eb61936,0,0,,RayJ Dennis,twoWay,1642484,1642484,PG,1
3cc3c40a-a1a5-4541-8cc2-7634870b1a16,58456566,58456566,,Jayson Tatum,activeRoster,1628369,1628369,"SF, PF",2
5e8a7246-4248-472c-bba1-2bdd938c33f8,54126380,54126380,,Paul George,activeRoster,202331,202331,"SF, PF, SG",2
f5598d5a-0b71-4952-8d76-ce55fe2203ba,28458000,30348000,,Derrick White,activeRoster,1628401,1628401,"SG, PG",2
499f8fd2-0fe0-47a1-93ed-2d08dba2566a,15044000,15044000,,Mitchell Robinson,activeRoster,1629011,1629011,C,2
0c63699b-c733-42ba-8335-13af14654389,10848215,10848215,,Sam Hauser,activeRoster,1630573,1630573,"SF, PF",2
350e515a-0fef-4e4b-acf4-740607a9de12,7767857,7767857,,Payton Pritchard,activeRoster,1630202,1630202,"PG, SG",2
c4e9e68f-10d6-4623-9a33-39cbb76e2290,3150752,3150752,,Ron Harper Jr.,activeRoster,1631199,1631199,"SF, PF",2
5cc827af-e033-498e-9897-ec1e9f9b2905,2988120,2988120,,Chris Cenac Jr.,activeRoster,1643416,1643416,PF,2
434c1321-cd5c-4a9d-b10e-948fb4fbe6d8,2923560,2923560,,Hugo González,activeRoster,1642864,1642864,"SF, SG",2
574b18f0-e0e8-44c6-83b5-c88c59018d96,2801346,2801346,,Luka Garza,activeRoster,1630568,1630568,C,2
72c1e16a-b5ed-47c5-99d5-91e6738c50c0,2744040,2744040,,Baylor Scheierman,activeRoster,1631248,1631248,SG,2
edb59f91-04e7-4e6f-b81b-7705670de6d7,2667944,2667944,,Neemias Queta,activeRoster,1629674,1629674,C,2
39d8b36f-76f9-4467-b696-f0fb30d6d860,0,2449421,,Torrey Craig,capHold,1628470,1628470,"SF, PF",2
cf650f3e-5f00-4bf0-ac1e-43ba9a9ea180,3876529,2449421,,Mike Conley,activeRoster,201144,201144,PG,2
8ca81ce5-91dc-4882-bc7b-c58969114e40,0,2449421,,Blake Griffin,capHold,201933,201933,"PF, C",2
eb0b0c15-c89e-4789-862e-7dc7f5510367,2406205,2406205,,Jordan Walsh,activeRoster,1641775,1641775,"PF, SF",2
09eba21b-8e35-45b5-9487-2b57485dab2f,0,2185116,,Mfiondu Kabengele,capHold,1629662,1629662,"PF, C",2
6d46912d-b911-4983-bdd8-50b5bc304292,0,2185116,,John Tonje,capHold,1642910,1642910,SG,2
c035b623-ae90-4ad0-8012-76a4da051563,0,2185116,,Max Shulga,capHold,1642917,1642917,SG,2
59ef695c-01a7-45be-875c-835d24e51e3d,0,0,,Amari Williams,twoWay,1642873,1642873,"PF, C",2
73b6fe03-ba51-46e9-957e-b15c0bfcddcc,40806150,40806150,,Michael Porter Jr.,activeRoster,1629008,1629008,SF,3
9f278b06-9d52-4b5e-8430-d587a95dcb11,33333334,33333334,,Julius Randle,activeRoster,203944,203944,"PF, C",3
490d1983-6f1f-4727-b733-60ce44d7b27a,15500000,15500000,,Terance Mann,activeRoster,1629611,1629611,"SG, SF",3
50cda603-2588-4675-b9bf-0ae576f1e27f,10000000,10000000,,Day'Ron Sharpe,activeRoster,1630549,1630549,"C, PF",3
90451236-e361-4a00-b4bf-77821c1beb49,9268293,9268293,,Moritz Wagner,activeRoster,1629021,1629021,C,3
c7193c11-4113-4769-baaf-63aff712434a,9000000,9000000,,Keon Ellis,activeRoster,1631165,1631165,SG,3
084528cd-b750-4a5c-b81d-5e178c3b12ae,8787000,8787000,,Mikel Brown Jr.,activeRoster,1643414,1643414,PG,3
2f5d7710-ef24-4554-b6fa-4026da855f1e,7233720,7233720,,Egor Dëmin,activeRoster,1642856,1642856,PG,3
2900d0e7-a734-428a-a8ad-61c4fd030cd1,5414034,5414034,,Noah Clowney,activeRoster,1641730,1641730,PF,3
f8e7c13f-671d-4bbe-95d6-4dadd7ab28ea,0,5372878,,Jalen Wilson,capHold,1630592,1630592,PF,3
61dc9011-835f-4152-9c79-1eb2183220c6,4500000,4500000,,Josh Minott,activeRoster,1631169,1631169,"SF, PF",3
258afc38-1709-4d82-a81d-79247559d1d6,4002000,4002000,,Nolan Traore,activeRoster,1642849,1642849,PG,3
c9570bc4-ab3a-48f5-9015-6f9819a0afb7,3540600,3540600,,Drake Powell,activeRoster,1642962,1642962,SG,3
a05b1d90-4d8d-4532-8798-cd5636bd8a0c,3028560,3028560,,Ben Saraf,activeRoster,1642879,1642879,SG,3
ed6dd1ce-7fc9-4cc4-a33a-8a9e5530e110,2969520,2969520,,Joshua Jefferson,activeRoster,1643538,1643538,PF,3
feea7c34-8a82-428e-a6a8-3ae16afbba39,2941440,2941440,,Danny Wolf,activeRoster,1642874,1642874,PF,3
74135b19-3313-416b-bf3d-7da77ee8699e,0,2449421,,E.J. Liddell,capHold,1630604,1630604,PF,3
4e65b97d-21c9-4ee3-97b3-7eabfc4e1013,0,2185116,,Tyson Etienne,capHold,1630623,1630623,PG,3
4380db71-611f-4470-a7a2-85704b9ba394,0,0,,Chaney Johnson,twoWay,1643052,1643052,SF,3
0d84721c-4e5c-45e0-bee0-6ce68588bd76,26811593,26811593,,Coby White,activeRoster,1629632,1629632,"SG, PG",4
bcc08f54-ac50-471d-a2a6-addb99c94820,23275862,23275862,,Naz Reid,activeRoster,1629675,1629675,"C, PF",4
009f327d-05f4-4847-a8ff-7661f45bf9b0,18125000,18125000,,Grayson Allen,activeRoster,1628960,1628960,SG,4
8284c575-a373-40a3-bd26-77576f8abf10,15104626,15104626,,Brandon Miller,activeRoster,1641706,1641706,SF,4
9bd91a20-466c-4063-9af8-ec040ee40ce3,14265750,14265750,,Grant Williams,activeRoster,1629684,1629684,PF,4
33c03678-bbf5-4510-bac6-3223797d5cf8,13335000,13765987,,Dorian Finney-Smith,activeRoster,1627827,1627827,"PF, SF",4
b1c7af00-fb8b-4d1a-98b7-b596978a2ad4,10875000,10875000,,Royce O'Neale,activeRoster,1626220,1626220,SF,4
68545254-35b8-471f-ab6e-ab1481efcfa5,10516560,10516560,,Kon Knueppel,activeRoster,1642851,1642851,SF,4
0886fefe-91c3-4fde-8a09-f7f89a8bfde9,8237880,8237880,,Tidjane Salaun,activeRoster,1642275,1642275,PF,4
9b6f99e6-b17f-4fd6-a06c-8c5612f12910,8000000,8000000,,Tre Mann,activeRoster,1630544,1630544,PG,4
c687c297-99d1-4155-8e2b-69d89905f49a,5227200,5227200,,Hannes Steinbach,activeRoster,1643419,1643419,PF,4
d054da0b-b164-422a-8771-847004bf6400,4257480,4257480,,Christian Anderson,activeRoster,1643515,1643515,PG,4
4b998512-52d3-4ae0-82b5-b16f17c21840,3815861,3815861,,Pat Connaughton,restOfSeason,1626192,1626192,"SG, SF",4
e69eaa12-3396-4f85-8272-dfef09a46aa8,2902080,2902080,,Liam McNeeley,activeRoster,1642862,1642862,SF,4
7b0e9fe7-fc76-467c-a8c4-bc7d0e0b9c4e,2461462,2461462,,Moussa Diabate,restOfSeason,1631217,1631217,C,4
c9afa445-530b-4483-a9cc-50ff8181f4db,0,2449421,,Xavier Tillman,capHold,1630214,1630214,"C, PF",4
a8d81eaf-8261-4ac5-953e-f8924f6fb8a8,2411090,2411090,,Ryan Kalkbrenner,activeRoster,1641750,1641750,C,4
b4846b9c-66b7-49d2-abb6-c0170f17dcb1,2411090,2411090,,Mouhamadou Gueye,restOfSeason,1631338,1631338,"PF, SF",4
78be6650-7968-49c2-acee-6c36267fb550,2411090,2411090,,Sion James,activeRoster,1642883,1642883,SG,4
c2c6bdbf-2cd5-4dcc-833a-cfadca34c44f,0,2185116,,Antonio Reeves,capHold,1641810,1641810,SG,4
befd500a-0100-4324-a8c0-fe8c582486d9,0,0,,PJ Hall,twoWay,1641790,1641790,C,4
d1852f2b-9430-4202-964e-be68a728792b,25000000,25000000,,Josh Giddey,activeRoster,1630581,1630581,"PG, SG, PF, SF",5
4f85828e-a55c-48ad-acf2-7d902d471470,23147727,23320738,,Nic Claxton,activeRoster,1629651,1629651,C,5
063b4dfb-6d09-43a2-aa61-13427e7bcd81,21500000,21500000,,Norman Powell,activeRoster,1626181,1626181,"SG, SF",5
3f3b5a9b-a863-46f3-be5b-f5700f36604e,18000000,18000000,,Patrick Williams,activeRoster,1630172,1630172,PF,5
966d59e8-e391-4aea-bf2d-29d5f753cf67,11814814,11814814,,Isaac Okoro,activeRoster,1630171,1630171,"SG, SF",5
3b82cf07-2484-46ca-b33f-54972bbfb051,10683720,10683720,,Caleb Wilson,activeRoster,1643410,1643410,PF,5
9a372b45-e746-4246-b44e-a14f6b4b6e5b,9428571,9428571,,Jalen Smith,activeRoster,1630188,1630188,"C, PF",5
0721c733-9d1c-4ccd-9d00-05d22d95cbfc,8500000,8500000,,Zach Collins,activeRoster,1628380,1628380,"C, PF",5
9c02a93c-c319-4d18-bfc3-a5d76d1028bc,8000000,8000000,,Tre Jones,activeRoster,1630200,1630200,PG,5
5baf405c-9415-4c58-abff-0711a875f1a8,6889320,6889320,,Rob Dillingham,activeRoster,1642265,1642265,PG,5
114d8377-ad56-458d-92c1-ace6cb95fafb,5715360,5715360,,Matas Buzelis,activeRoster,1641824,1641824,"SF, PF",5
55726526-5080-4b01-a3a0-9d299fe4e949,5701200,5701200,,Noa Essengue,activeRoster,1642855,1642855,PF,5
0156443d-91e0-49ef-a6ec-a75387d643de,4965480,4965480,,Dailyn Swain,activeRoster,1643517,1643517,SG,5
be53e244-08e4-4dbb-ab93-3d6816968b89,2406205,2406205,,Leonard Miller,activeRoster,1631159,1631159,SF,5
938eb0ef-5279-40a8-bc01-a7526593e74c,0,1075459,,Kam Jones,deadCap,1642880,1642880,SG,5
2db5276c-6e82-4646-b99f-00396ec5f379,50105628,50105628,,Donovan Mitchell,activeRoster,1628378,1628378,"SG, PG",6
a1f31523-412a-4360-93f7-0d5e00c2aa48,50105628,50105628,,Evan Mobley,activeRoster,1630596,1630596,PF,6
8f6a91cf-b03c-4a70-9b84-0db66e76bbc8,0,47019232,,James Harden,capHold,201935,201935,"PG, SG",6
b38b575c-fc56-41cc-92db-15836e36a37d,28000000,28000000,,Jarrett Allen,activeRoster,1628386,1628386,C,6
a3d700a4-5057-43eb-bcd0-aa7a4292a675,16660836,16660836,,Max Strus,activeRoster,1629622,1629622,SF,6
a395f4a2-84f1-4f7f-b338-47e69a6121f3,14809200,14809200,,Dennis Schröder,activeRoster,203471,203471,"PG, SG",6
883406c6-cc97-47de-9431-56698f159386,9160715,9160715,,Sam Merrill,activeRoster,1630241,1630241,SG,6
f55440bc-f21d-4fd4-88fd-b8c0445c950f,3658560,3658560,,Jaylon Tyson,activeRoster,1642281,1642281,SG,6
0fcf69d6-3ced-48d0-9ccb-692eec7012ac,0,2449421,,Olivier Sarr,capHold,1630846,1630846,C,6
2316de4c-6165-46ab-9728-2660cc94e3bd,0,2449421,,Damian Jones,capHold,1627745,1627745,C,6
24e3e310-024a-479e-b2a7-a1c4423c4954,0,2449421,,Rajon Rondo,capHold,200765,200765,PG,6
339c5bf6-bea1-42da-80d6-cd4f87521140,3524115,2449421,,Thomas Bryant,activeRoster,1628418,1628418,C,6
4347e816-b138-4ae6-9258-4aae2670e801,0,2449421,,Raul Neto,capHold,203526,203526,PG,6
6ded89df-21df-4aac-8330-9962dc7d034c,0,2449421,,Ed Davis,capHold,202334,202334,"PF, C",6
d270e55b-4944-4e88-9e58-d150ed3109b1,0,2449421,,Chuma Okeke,capHold,1629643,1629643,"PF, SF",6
ee3531e9-cb57-4174-a843-4b19f1cf4dbd,0,2449421,,Tristan Thompson,capHold,202684,202684,"C, PF",6
c321fcd3-c518-43cf-bdc4-3382750de37b,2411090,2411090,,Nae'Qwan Tomlin,restOfSeason,1641772,1641772,PF,6
4c2091e5-171a-4c3f-98de-0be72ae38456,2406205,2406205,,Craig Porter Jr.,restOfSeason,1641854,1641854,PG,6
6a04ba1f-49bd-4af6-a85c-294daac4473d,2150917,2150917,,Tyrese Proctor,activeRoster,1642878,1642878,PG,6
7a719493-70ab-4cb2-89cc-fd75928136a7,0,424672,,Ricky Rubio,deadCap,201937,201937,PG,6
35bea7f3-8f69-4510-90e6-2f2f5a6ad62d,0,0,,Riley Minix,twoWay,1642434,1642434,SF,6
24bcba03-14b8-4c74-8c45-9dae85d61d9c,0,0,,Tristan Enaruna,twoWay,1642400,1642400,SF,6
afe64a0b-8f34-49ec-8074-420f7bf9c9df,39491282,39491282,,Kyrie Irving,activeRoster,202681,202681,"PG, SG",7
371349a1-1f93-4ed7-b09d-8525ea580df5,19813044,19813044,,P.J. Washington,activeRoster,1629023,1629023,"PF, C",7
962c4449-ee42-4ead-ae48-cb9175970186,17460317,17460317,,Klay Thompson,activeRoster,202691,202691,"SG, SF",7
2db8a879-5428-410c-a152-c9b9196df592,17263584,17263584,,Daniel Gafford,activeRoster,1629655,1629655,"C, PF",7
8e8114e0-c23a-4409-aac0-f7a8c7cb5d7b,17007043,17007043,,Santi Aldama,activeRoster,1630583,1630583,PF,7
83ea0f4d-d3e2-4eee-b49d-f3617c0933ee,14517480,14517480,,Cooper Flagg,activeRoster,1642843,1642843,SF,7
b1d4a0b1-3e70-46da-b264-e838d8eb68be,8963901,10001494,,Caleb Martin,activeRoster,1628997,1628997,SF,7
468b1b75-067b-43ac-8703-9c63252d6154,9428571,9428571,,Naji Marshall,activeRoster,1630230,1630230,SF,7
60799b53-2dca-4ce8-b23a-0554b09d9c9c,8285714,8285714,,Max Christie,activeRoster,1631108,1631108,SG,7
b8411431-1ed8-44d2-b06b-323058971417,0,7600000,,Dwight Powell,capHold,203939,203939,"C, PF",7
188dc76c-17b6-4747-832a-7fa303567e02,7239131,7239131,,Dereck Lively II,activeRoster,1641726,1641726,C,7
a15fda97-53f2-4f6c-920a-2161b9863d54,6754800,6754800,,Morez Johnson,activeRoster,1643516,1643516,PF,7
4a5ecbcb-75bc-4e77-8c04-a133270066bf,5198983,5198983,,Marcus Sasser,activeRoster,1631204,1631204,PG,7
c8b7df41-0788-43dc-ac46-fe1f6e254f23,0,5066667,,Nicolo Melli,capHold,1629740,1629740,"PF, C",7
33d2ea1c-7871-4eb1-86a6-774474958f84,3182280,3182280,,Sergio De Larrea,activeRoster,1643547,1643547,PG,7
5a5a3068-32fa-4862-8fc2-3acce8902855,3000000,3000000,,Tarik Biberovic,activeRoster,1641844,1641844,SF,7
cdedb0cd-c87c-401e-babb-70ba5f2c8e08,0,2449421,,Kai Jones,capHold,1630539,1630539,C,7
f45ec2e0-1f54-4ba4-8bb0-486e9c886642,0,2449421,,Theo Pinson,capHold,1629033,1629033,"SG, SF",7
a2286857-20ad-4b8f-af76-69e0feec3752,0,2449421,,Brandon Williams,capHold,1630314,1630314,PG,7
63a7f209-0617-47a4-82ce-3fa33660b5cf,0,2208856,,JaVale McGee,deadCap,201580,201580,C,7
f5c12722-35ed-4541-8fb8-c7079ea75e5a,2185116,2185116,,Moussa Cisse,capHold,1630619,1630619,C,7
5b55a442-8a6d-460b-807c-87773fafc2bd,2185116,2185116,,Ryan Nembhard,capHold,1642948,1642948,PG,7
74a37537-5030-409c-9f99-8f540f5d6bfb,0,2185116,,McKinley Wright IV,capHold,1630593,1630593,PG,7
8d0ddbe8-2403-45e2-9ca0-8a24a3708938,0,2185116,,Moses Wright,capHold,1630589,1630589,PF,7
bfc7e432-79b0-4447-ab9f-5a35b0a11d83,0,2185116,,Greg Brown III,capHold,1630535,1630535,"PF, SF",7
8a2e56a1-821b-4202-b159-2dfdf7474489,0,1002360,,Olivier-Maxence Prosper,deadCap,1641765,1641765,PF,7
1b2f4ab4-f0ad-44f4-9a64-7640e36814ce,0,0,,Tyler Smith,twoWay,1641890,1641890,PF,7
34069563-9bfa-4a6e-9450-0f4149a1de4b,59033114,59033114,,Nikola Jokić,activeRoster,203999,203999,C,8
51dbc62a-30db-4f24-8297-bf796e3e5b2b,50105628,50105628,,Jamal Murray,activeRoster,1627750,1627750,"PG, SG",8
b127b844-9746-4cda-884f-fa939db294d4,31978037,31978037,,Aaron Gordon,activeRoster,203932,203932,"PF, SF",8
97a455d6-3c5b-44e4-9ac3-77bedbcf0326,22500000,23062500,,Cameron Johnson,activeRoster,1629661,1629661,"PF, SF",8
b3ac8620-7310-49a7-b028-a8eeb0436818,21551726,21551726,,Christian Braun,activeRoster,1631128,1631128,SG,8
ef850e28-6283-48ab-9f61-671dafe0248b,6534714,13069428,,Peyton Watson,capHold,1631212,1631212,"SF, SG",8
c32d5745-6135-4ed6-b71f-57e6d5d9dea1,7466667,7466667,,Zeke Nnaji,activeRoster,1630192,1630192,PF,8
ed8d5cec-9c41-44cd-9778-095edfe90fbb,4826931,4826931,,Julian Strawther,activeRoster,1631124,1631124,"SG, SF",8
387f1e99-5c76-454a-be21-4755d5c85333,3506659,3506659,,Marvin Bagley III,activeRoster,1628963,1628963,"PF, C",8
d548c8dd-5f70-47ab-95f2-e0dcb7673df2,3372120,3372120,,DaRon Holmes II,activeRoster,1641747,1641747,PF,8
9199650e-f5bb-4e27-959d-2b09ee67586d,2650000,2650000,,Spencer Jones,capHold,1642461,1642461,SF,8
5dea52df-2bb9-46de-bbf3-d1491b583321,0,2449421,,Justin Holiday,capHold,203200,203200,"SG, SF",8
63b3dc47-45ca-43c8-bf3c-8070a12a4bb9,0,2449421,,Richard Jefferson,capHold,2210,2210,SF,8
0ad78edf-1409-4f2a-a840-eedcd2b20ee2,0,2449421,,Bruce Brown Jr.,capHold,1628971,1628971,"PG, SF, SG",8
5dbc7233-3443-4a15-9c5d-71bbabc7001e,0,2449421,,Jalen Pickett,capHold,1629618,1629618,SG,8
a7bf5873-0113-458e-81f6-5fcbaa89bc07,0,2449421,,DeMarcus Cousins,capHold,202326,202326,C,8
27e49bcd-21b2-4096-a98f-6f135a4eca48,0,2449421,,Vlatko Cancar,capHold,1628427,1628427,PF,8
d5a8dcc4-7cb1-4584-835c-243ff98b9c2f,0,2449421,,Troy Daniels,capHold,203584,203584,SG,8
dafd1c81-18cd-4ffa-9e1c-41da7ffafff2,3876529,2449421,,Tyus Jones,activeRoster,1626145,1626145,PG,8
166537f2-0ca8-4729-bc5b-9db27a0126e0,0,2449421,,Russell Westbrook,capHold,201566,201566,"PG, SF",8
1909a7b4-9ea6-4fc2-bef7-bcc1e3b8195a,0,2185116,,Markus Howard,capHold,1630210,1630210,SG,8
3f47cfe1-9df5-4ab1-b021-308772b65a00,0,2185116,,Curtis Jones,capHold,1642938,1642938,SG,8
3f3d2cac-7d40-49f5-bb92-d48099890c88,2185116,2185116,,David Roddy,capHold,1631223,1631223,PF,8
ef36d8b3-101b-4f75-8072-df76eae6a6de,0,2000000,,Jonas ValanÄiÅ«nas,deadCap,202685,202685,C,8
d2832d88-e9b5-4a22-86b3-f3b5df9e26ac,1357763,1357763,,Alpha Diallo,activeRoster,26864,26864,,8
12a676d5-ce59-4e85-872c-b54e7cd973a2,0,0,,KJ Simpson,twoWay,1642354,1642354,PG,8
c5fc5325-2abd-4aba-b995-c30bb9a4d2d5,50105628,50105628,,Cade Cunningham,activeRoster,1630595,1630595,"PG, SG",9
acbd5d44-d301-4e63-a8cc-774d59dfaa26,0,26986607,,Kevin Huerter,capHold,1628989,1628989,"SG, SF",9
c5079cdc-7bf2-4e05-a70d-24668a59292c,9615393,19449432,,Jalen Duren,capHold,1631105,1631105,C,9
349b2c9e-3738-4088-b937-cdeb3647a99f,17000000,17000000,,John Collins,activeRoster,1628381,1628381,PF,9
0f4621c4-325c-4a11-bc6f-2f4ba09981a4,15992957,15992957,,Duncan Robinson,activeRoster,1629130,1629130,"SF, SG",9
5e28bdc9-67aa-4874-ab3c-502f3dbf376e,11323006,11323006,,Isaiah Joe,activeRoster,1630198,1630198,SG,9
d2737d1e-12c1-4b29-92cf-6d43047862ba,11117925,11117925,,Ausar Thompson,activeRoster,1641709,1641709,SF,9
945b0d6e-284e-4841-b6c4-e54d05e7a320,9069600,9069600,,Ronald Holland II,activeRoster,1641842,1641842,SF,9
74eba5e6-8a99-46eb-8e3d-0cb785d65fc6,0,7200000,,Malik Beasley,capHold,1627736,1627736,SG,9
b6fbfafe-7349-4db5-ad0f-5966016f1aa4,5602689,5602689,,Paul Reed,activeRoster,1630194,1630194,"C, PF",9
a78838ff-ef35-4b89-b6e8-48003247576b,4481280,4481280,,Ebuka Okorie,activeRoster,1643536,1643536,PG,9
b3ce5efa-92c3-4fcf-bf82-cee9d773df33,4000000,4000000,,Daniss Jenkins,restOfSeason,1642450,1642450,PG,9
9b924045-f231-41b3-95ad-75509c304634,3943679,3943679,,Javonte Green,activeRoster,1629750,1629750,"SG, SF",9
07f4c6e6-c37e-4dfb-a18a-4c52e41e0576,3815861,3815861,,Gary Harris,activeRoster,203914,203914,SG,9
2631cc96-db62-427f-995b-63ed1da57fb4,3815861,3815861,,Taurean Prince,activeRoster,1627752,1627752,"PF, SF",9
388da2e8-1622-41f2-90d9-fc01abc39e7c,2411090,2411090,,Tolu Smith,restOfSeason,1642449,1642449,PF,9
c7d5d75e-41f8-4f51-9351-f534f4117e5f,2185116,2185116,,Wendell Moore Jr.,capHold,1631111,1631111,SG,9
5d1947aa-07f9-4f42-b550-3ec878733fc4,2150917,2150917,,Chaz Lanier,activeRoster,1642404,1642404,SG,9
e9ad2c8d-9e3b-4c3d-8122-553aed665642,0,0,,Isaac Jones,twoWay,1642403,1642403,PF,9
efbb8887-a4fd-4520-ba52-6bb1e701ca2e,0,0,,Elijah Harkless,twoWay,1641989,1641989,SG,9
bec52839-9135-4605-bcff-73ee8fc1fb5c,62587158,62587158,,Stephen Curry,activeRoster,201939,201939,PG,10
c6cea2b4-cd48-433d-95ef-4360eaa03c62,56832773,56832773,,Jimmy Butler,activeRoster,202710,202710,"SF, SG, PF",10
100ac162-4906-454a-b858-53916c8570fe,0,38839286,,Draymond Green,capHold,203110,203110,"PF, SF",10
01187ad5-530d-4329-834a-019892472c35,20000000,20000000,,Kristaps Porziņģis,activeRoster,204001,204001,"C, PF",10
e5c9ccc0-4306-43bb-bcd6-c123cc09662a,12500000,12500000,,Moses Moody,activeRoster,1630541,1630541,SG,10
1db12e11-1a64-4500-b243-1090a0f26ffb,6822000,6822000,,Al Horford,activeRoster,201143,201143,C,10
6dca97b9-3291-4d01-89e0-0e690c4ca408,6096240,6096240,,Yaxel Lendeborg,activeRoster,1642865,1642865,SF,10
b985dcff-c9de-4010-b7de-b1b67430a331,5679459,5679459,,Brandin Podziemski,activeRoster,1641764,1641764,SG,10
3e20127a-567c-417b-9d15-180e3b07b466,5477000,5477000,,De'Anthony Melton,activeRoster,1629001,1629001,"PG, SG",10
c1cbb6d3-a4ef-49a3-b540-b70ad245c65a,4629630,4629630,,Gui Santos,activeRoster,1630611,1630611,PF,10
f167a056-85b2-41a5-a4e2-a76c86b90263,0,2457009,,Kevin Knox,capHold,1628995,1628995,"SF, PF",10
fc3ee9bf-0586-4e71-9e1f-5ce9c659340c,0,2449421,,Usman Garuba,capHold,1630586,1630586,"PF, C",10
21870968-1aff-442f-9fe2-2bd2454a45c7,0,2449421,,Andrew Bogut,capHold,101106,101106,"C, PF",10
43e10dc8-467e-41b6-a3f0-b70ccf53d47f,2845883,2449421,,Charles Bassey,activeRoster,1629646,1629646,C,10
6b84fcc7-e1cd-4c47-a702-bbff7b3d012c,0,2449421,,Andre Iguodala,capHold,2738,2738,"SF, SG, PF",10
729404ef-abfb-461c-9366-834e502b3e95,0,2449421,,David West,capHold,2561,2561,"PF, C, SF",10
7bedb8b9-ecf5-495a-a3b5-a4e2da8c5a4b,0,2449421,,Pat Spencer,capHold,1630311,1630311,PG,10
805eed2b-1538-4a0d-895f-0a96250e726e,0,2449421,,JaMychal Green,capHold,203210,203210,PF,10
9495dab4-3111-467a-8bc1-3fa487463875,0,2449421,,Seth Curry,capHold,203552,203552,"SG, PG",10
b1ff47c0-12c6-4837-a41b-18f57900f1c3,0,2449421,,Nemanja Bjelica,capHold,202357,202357,"PF, C",10
ba79b347-c1d5-44a9-8f8e-18141b0c51bd,0,2449421,,Anthony Lamb,capHold,1630237,1630237,SF,10
c2e9e038-9fba-450e-9279-7ce014c043b5,0,2449421,,Jeenathan Williams,capHold,1631466,1631466,SG,10
dbf2c408-cbd6-411f-9e12-9a9214b52d34,0,2449421,,Matt Barnes,capHold,2440,2440,"SF, PF",10
dbf9a678-696f-4527-8d72-e48da63d587f,0,2449421,,Jonas Jerebko,capHold,201973,201973,PF,10
fb7a3122-ea86-4ce0-a1b9-5d3e48622a59,0,2449421,,Gary Payton II,capHold,1627780,1627780,"SG, PG, SF",10
00017a40-75eb-403b-942c-eeec82b2e01c,0,2185116,,Jerome Robinson,capHold,1629010,1629010,SG,10
533e2743-b23b-400a-b44c-6272d9f7d234,2185116,2185116,,Nico Mannion,capHold,1630185,1630185,PG,10
6e5e6361-ea1b-444f-8a1c-14475a328a11,0,2185116,,Taran Armstrong,capHold,1642379,1642379,PG,10
e7ed1585-9567-457f-8788-92deb1d3a35c,2150917,2150917,,Will Richard,activeRoster,1642954,1642954,SG,10
c2c52d58-e078-44af-b680-c1780af86255,0,0,,LJ Cryer,twoWay,1643018,1643018,PG,10
46d38265-9dd3-4247-af61-9c9637fcad7b,0,0,,Malevy Leons,twoWay,1642502,1642502,SF,10
f68d91b9-f0f4-4855-a2c5-79c791f7d91d,43902439,43902439,,Kevin Durant,activeRoster,201142,201142,"SF, PF, SG",11
128783e7-605a-420c-9115-7aa1f18f9d3e,35642202,35642202,,Alperen Sengun,activeRoster,1630578,1630578,C,11
ccf5e302-29e9-48ce-b565-bfec788b893c,25000000,25000000,,Fred VanVleet,activeRoster,1627832,1627832,"PG, SG",11
89f84fe3-2140-4d2e-a87e-c0a2b36ff971,23643411,23643411,,Jabari Smith Jr.,activeRoster,1631095,1631095,PF,11
be774a80-a63c-46c7-bb19-8b83d5b29e7b,14053356,14053356,,Tari Eason,activeRoster,1631106,1631106,PF,11
f4731e57-66c5-4593-bd9c-796958aaca82,13000000,13000000,,Steven Adams,activeRoster,203500,203500,C,11
fdc6c052-ff73-459f-9d59-554e9f16b653,12258609,12258609,,Amen Thompson,activeRoster,1641708,1641708,"SF, PG",11
c5b99d55-f6c2-4db7-8fb4-491e91f47c65,11108880,11108880,,Reed Sheppard,activeRoster,1642263,1642263,"SG, PG",11
c7226341-e7d8-4159-ad81-7ea208b0990c,7035000,7035000,,Clint Capela,activeRoster,203991,203991,C,11
62b35503-6df9-4fde-bb54-adc536c7427c,6064000,6064000,,Marcus Smart,activeRoster,203935,203935,"PG, SG",11
322331ac-9485-4669-9be8-82984692e84b,2584539,2584539,,JD Davison,restOfSeason,1631120,1631120,"PG, SG",11
432f7c99-1b7c-458c-8963-fc016729d147,3524115,2449421,,Bogdan Bogdanović,activeRoster,203992,203992,SG,11
74ad2675-00fd-4f7a-bd71-7c6c3dcd01f9,0,2449421,,Aaron Holiday,capHold,1628988,1628988,PG,11
cabc7579-eb52-4781-88e9-92a422867537,0,2449421,,Jeff Green,capHold,201145,201145,"PF, SF, C",11
5b977c5f-0ef8-4759-b1ac-cf72a7762085,0,2449421,,Boban Marjanovic,capHold,1626246,1626246,C,11
d0b40b84-58bf-4c93-aa0a-ffd94a033fc2,0,2449421,,Reggie Bullock,capHold,203493,203493,"SF, SG",11
04c0b7c7-4fdb-4186-b406-3eb8299597ee,0,2449421,,Jae’Sean Tate,capHold,1630256,1630256,"SF, PF",11
3617216d-f799-48d1-8ce5-c6a22e788b0f,2185116,2185116,,Isaiah Crawford,capHold,1642384,1642384,SF,11
0ba7d89c-a6e3-4995-9104-524779da7c8c,0,2185116,,Jack McVeigh,capHold,1629098,1629098,PF,11
728e7d18-ccdf-441e-ba1f-a4bcb25a83d7,0,0,,Tristen Newton,twoWay,1641803,1641803,SG,11
6077d510-6f04-4dca-9ca8-0d62aff9ccba,48924624,48924624,,Pascal Siakam,activeRoster,1627783,1627783,PF,12
bfc6ab64-ac7c-4d8c-9a08-d6d1c2ea5090,48924624,48924624,,Tyrese Haliburton,activeRoster,1630169,1630169,"PG, SG",12
7f179ffc-ffb9-4279-8c1a-51f2b277b894,19550160,20342140,,Ivica Zubac,activeRoster,1627826,1627826,C,12
3a5607da-d65d-492b-becd-33133b82fbf7,19550160,19550160,,Andrew Nembhard,activeRoster,1629614,1629614,"PG, SG",12
d6a7800a-df42-4693-8288-f2f3a27a3f3e,15000000,15000000,,Obi Toppin,activeRoster,1630167,1630167,PF,12
dc11140c-b235-4f5e-8cf7-193d2ca12915,11000000,11000000,,Aaron Nesmith,activeRoster,1630174,1630174,SF,12
7d9fe9fa-3195-4ff8-ae0d-54ecee12d1ac,11000000,11000000,,T.J. McConnell,activeRoster,204456,204456,PG,12
d7adb985-8906-4e0f-9533-fe9d0f51da9e,8478542,8478542,,Jarace Walker,activeRoster,1641716,1641716,PF,12
1b2a36af-4b48-4e25-ad48-ecfa137cbced,8050000,8050000,,Kelly Oubre Jr.,activeRoster,1626162,1626162,SF,12
e6758b3e-3f73-4eeb-8f6b-fb398cf2861d,5031669,5031669,,Ben Sheppard,activeRoster,1641767,1641767,SG,12
7b2bc62b-7e2f-4626-95fa-5f21cc3c9f7b,2667944,2667944,,Jay Huff,activeRoster,1630643,1630643,C,12
5ee0a8b8-61f0-4040-93dc-a7f31bcd4eaf,2584539,2584539,,Quenton Jackson,restOfSeason,1631245,1631245,PG,12
e3c4ed8d-49c5-4dd4-80e5-505fa08f1a3d,3876529,2449421,,Larry Nance Jr.,activeRoster,1626204,1626204,"PF, C",12
75b8fe7d-4144-4693-b81b-60452ef6b6ec,0,2449421,,James Johnson,capHold,201949,201949,"PF, SF, C",12
ae02d562-5fc8-4f67-838a-a6f31edb6aa0,2296271,2296271,,Johnny Furphy,activeRoster,1642277,1642277,SG,12
a0625583-83f1-4e7a-8662-8b925419f684,0,2185116,,Gabe York,capHold,1628221,1628221,SG,12
dc43627d-6d84-4321-88c9-85b7c6257bfc,2185116,2185116,,Jalen Slawson,capHold,1641771,1641771,SF,12
22c3caba-41ee-4be2-a193-5ff0ede9534e,0,0,,Ethan Thompson,twoWay,1630679,1630679,SG,12
b65683f4-008e-4d3d-a467-804be2e91242,0,0,,Taelon Peter,twoWay,1643007,1643007,SG,12
6d63fe69-15b6-48f7-9d5f-7535ca1dcb07,0,0,,Kobe Brown,twoWay,1641738,1641738,PF,12
5ac34afd-1e04-4574-881e-cc81743a4926,50300000,50300000,,Kawhi Leonard,activeRoster,202695,202695,SF,13
16723756-637c-4767-8245-370d4fa013c7,42166510,42166510,,Darius Garland,activeRoster,1629636,1629636,"PG, SG",13
54976f24-d774-4a9b-a96c-6bbb021a6180,8774590,27562719,,Bennedict Mathurin,capHold,1631097,1631097,"SF, SG",13
83a40242-ed57-4a00-a46b-57d03f1dc205,14000000,14000000,,Rui Hachimura,activeRoster,1629060,1629060,PF,13
845522c6-062b-41b3-844b-54b552a80898,10476190,10476190,,Derrick Jones Jr.,activeRoster,1627884,1627884,"SF, PF",13
526c2417-aaf8-46b9-b6d0-455c5b36133c,9674760,9674760,,Keaton Wagler,activeRoster,1643413,1643413,SG,13
923f541a-34cb-4060-b597-5df41eb1fb88,9187500,9187500,,Brook Lopez,activeRoster,201572,201572,C,13
4c991da3-0dbc-4889-88c7-e9c85a8fc5a6,0,7646184,,Nicolas Batum,capHold,201587,201587,"SF, PF, SG",13
eb4d09d2-efb1-4882-abc1-b3ac9ba87b50,7000000,7000000,,Isaiah Jackson,activeRoster,1630543,1630543,C,13
bbe60791-71c2-4dce-92d4-6dccef1fb83a,0,6424800,,Bradley Beal,capHold,203078,203078,SG,13
ee924b2c-d123-4846-8ed7-a1c7876b3d44,5684800,5684800,,Kris Dunn,activeRoster,1627739,1627739,PG,13
c9c70d93-7bcc-4e60-83f2-f38eee368baa,5300000,5300000,,Jordan Miller,activeRoster,1641757,1641757,SF,13
aea1e3a1-830d-4bd4-8548-3b439fd0ea58,2880960,2880960,,Yanic Konan Niederhäuser,activeRoster,1642949,1642949,C,13
36184d9c-321d-4d2a-afda-d951cdd463d9,2622139,2622139,,Kobe Sanders,activeRoster,1642920,1642920,SG,13
0b86d986-bc56-4bd2-b24b-d0f856dea265,0,2449421,,Ben Simmons,capHold,1627732,1627732,PG,13
836d9a55-653e-46f6-b884-7691433004b8,0,2449421,,Patty Mills,capHold,201988,201988,"PG, SG",13
dd29341e-a359-43d9-b6ea-3d13d6f4cb8b,0,2449421,,Rodney Hood,capHold,203918,203918,"SG, SF, PF",13
f0a0dcd3-3292-48dc-8b7e-6da3e6c08feb,2296271,2296271,,Cam Christie,activeRoster,1642353,1642353,SG,13
a0994b60-3293-4329-ab7f-d9c39ebbe673,2185116,2185116,,TyTy Washington Jr.,capHold,1631102,1631102,PG,13
b868e41f-8094-4cfc-bf88-9a6f31081d11,0,2185116,,Xavier Moon,capHold,1629875,1629875,SG,13
7e7c46c1-fed1-4b83-8c0a-2b3cf17e9126,0,0,,Sean Pedulla,twoWay,1642951,1642951,PG,13
072e338f-3f59-4c31-a725-64e089f87169,49488300,49488300,,Luka Dončić,activeRoster,1629029,1629029,"PG, SG",14
72bb5157-9202-4b8a-952e-eef065380060,41240250,41240250,,Austin Reaves,activeRoster,1630559,1630559,SG,14
9d852242-cdf7-4a6e-a1de-c9a978b45635,30108821,30108821,,Walker Kessler,activeRoster,1631117,1631117,C,14
032261d1-2574-4759-8762-25313bc7f1d4,13953489,13953489,,Quentin Grimes,activeRoster,1629656,1629656,SG,14
67dd8a66-6470-4eb2-a66d-346c60476a33,13000000,13000000,,Sandro Mamukelashvili,activeRoster,1630572,1630572,"C, PF",14
85ad39f4-6ffb-4190-a5be-76dd21596a80,12428571,12428571,,Jarred Vanderbilt,activeRoster,1629020,1629020,PF,14
9c694a35-1911-4dc4-9cdb-742ec4ba3465,9366000,9366000,,Collin Sexton,activeRoster,1629012,1629012,"SG, PG",14
0eac1fb3-ec81-4c86-b76e-71295203cb31,6000000,6000000,,Jaden Hardy,activeRoster,1630702,1630702,SG,14
843eb140-48df-453d-adcc-44fcdd55b364,6000000,6000000,,Jake LaRavia,activeRoster,1631222,1631222,PF,14
399c5440-675a-4ca9-a5f4-5802990b8044,4201080,4201080,,Dalton Knecht,activeRoster,1642261,1642261,SF,14
0c5a49ae-b295-4f0f-8e8b-f3003e510d71,3315360,3315360,,Cameron Carr,activeRoster,1643418,1643418,SG,14
7643fe5e-3618-4589-be40-0f49d57ddd61,3876529,2449421,,Kevon Looney,activeRoster,1626172,1626172,"C, PF",14
a4e6cf35-6b6d-4dd9-86f6-b6745c65c4c0,2845883,2449421,,Ziaire Williams,activeRoster,1630533,1630533,SF,14
eb811202-530e-4a80-9510-a1d6a534f749,2296271,2296271,,Bronny James,activeRoster,1642355,1642355,SG,14
cd104890-df46-4601-bc8c-6464209ebb8c,2150917,2150917,,Adou Thiero,activeRoster,1642876,1642876,"SF, PF",14
1854f1ae-ed33-44a0-ba42-1d254d9e8c66,0,0,,Chris Mañon,twoWay,1643024,1643024,SG,14
cfbaa918-57df-4df8-a30b-baace5fbd238,34206898,34206898,,Jerami Grant,activeRoster,203924,203924,"PF, SF",15
d1f0e1a3-0fee-4fb4-b11d-d6373f377819,21621500,21621500,,Kentavious Caldwell-Pope,activeRoster,203484,203484,SG,15
7879d01d-d5e3-4e79-a083-f055e5a2459d,15000000,15000000,,Isaiah Stewart,activeRoster,1630191,1630191,"C, PF",15
14a14679-7011-407d-a821-6bd73635880b,11849760,11849760,,Cameron Boozer,activeRoster,1643409,1643409,PF,15
86fa904a-bd78-481e-a1d7-8d4bc29f5531,9220050,9220050,,Ty Jerome,activeRoster,1629660,1629660,SG,15
e4fe87cb-0f2f-45d0-9d6c-a373fa45b597,9000000,9000000,,Quinten Post,activeRoster,1642366,1642366,PF,15
6c9271c2-ffcc-4da2-83f1-2367f2993134,7805900,7805900,,Taylor Hendricks,activeRoster,1641707,1641707,PF,15
cfda837d-0f96-4c1e-904d-9bb0cebc3305,6332760,6332760,,Zach Edey,activeRoster,1641744,1641744,C,15
c11f3b24-6897-4112-bd05-25b9b794c166,6001080,6001080,,Cedric Coward,activeRoster,1642907,1642907,SG,15
a990348c-3051-4261-968b-78906ca80301,5969250,5969250,,D'Angelo Russell,activeRoster,1626156,1626156,PG,15
115bb644-e52f-4668-a305-3dc081423bc1,5315004,5315004,,Kris Murray,activeRoster,1631200,1631200,SF,15
423898ac-dddb-45f7-8e74-f4c1a14396a8,4190520,4190520,,Walter Clayton Jr.,activeRoster,1642383,1642383,PG,15
fbeee1b2-f9d5-4dd8-a54e-b2bd837895e4,3815861,3815861,,Taj Gibson,restOfSeason,201959,201959,"PF, C",15
b130fea4-d2a0-448a-a138-4e19667ad626,0,3700000,,Cole Anthony,deadCap,1630175,1630175,PG,15
8bd43c8d-f6f5-42c4-8c07-fd21c079cd49,3237120,3237120,,AJ Johnson,activeRoster,1642358,1642358,SG,15
e4e9cf99-8bed-49b2-8827-e9308099daad,2497812,2497812,,Olivier-Maxence Prosper,restOfSeason,1641765,1641765,PF,15
d68e1e23-1a61-4113-b9ba-bd5cdb10c6cb,2461462,2461462,,Scotty Pippen Jr.,activeRoster,1630590,1630590,PG,15
8dd75134-cb2c-42bd-99dc-cf973c1d2458,2411090,2411090,,Cam Spencer,activeRoster,1642285,1642285,SG,15
6662acbc-9b45-447b-8b77-3ab8559660e3,2406205,2406205,,GG Jackson,restOfSeason,1641713,1641713,PF,15
60b74cbc-a1ec-43ef-93d8-92d48173dce5,2296271,2296271,,Jaylen Wells,activeRoster,1642377,1642377,"SG, SF",15
8e83ff5f-ff1b-47f8-b748-fd6d5855f0be,0,464050,,Mamadi Diakite,deadCap,1629603,1629603,"PF, C",15
b49d57c2-d03b-47a4-98a8-8dd4363af03b,0,0,,Javon Small,twoWay,1642914,1642914,PG,15
5b04bbbf-4809-4322-a4d9-404548477d69,0,0,,Jahmai Mashack,twoWay,1642942,1642942,SG,15
0f48eda0-d7ec-4a7e-a46c-5177f81b7685,58456566,58456566,,Giannis Antetokounmpo,activeRoster,203507,203507,"PF, SF, PG, SG",16
2bc7e0c3-03a8-4e52-a89b-a72138edf4c1,49488300,49488300,,Bam Adebayo,activeRoster,1628389,1628389,"C, PF",16
12e8c905-86a3-42ca-b0ad-0de7d43536d3,30169644,30169644,,Andrew Wiggins,activeRoster,203952,203952,"SF, PF",16
c98c6a56-6943-4b8a-862d-47be45d706d4,16200000,16200000,,Nikola Jović,activeRoster,1631107,1631107,PF,16
563e9a5c-3439-4676-9e63-cf75d3919ba8,14521414,14521414,,Bobby Portis,activeRoster,1626171,1626171,"PF, C",16
a82d8c39-b72b-4ed8-84eb-4792df90329c,12400000,12400000,,Davion Mitchell,activeRoster,1630558,1630558,PG,16
01d8e35a-85d0-4d5c-90ad-f310abf96b52,6065000,6065000,,Tim Hardaway Jr.,activeRoster,203501,203501,"SG, SF",16
eb377505-010b-4eef-a1a3-4be309de8a15,2584539,2584539,,Dru Smith,activeRoster,1630696,1630696,SG,16
b73dc488-b63c-40b2-b095-9419bcdbc405,2584539,2584539,,Myron Gardner,restOfSeason,1642066,1642066,SF,16
5b0ce6ed-1b8b-45f7-bad3-3a41e4a53ff5,0,2457009,,Alec Burks,capHold,202692,202692,"SG, SF",16
7f50ec54-672f-4776-890d-87090cb7bf57,0,2449421,,Trevor Keels,capHold,1631211,1631211,SG,16
37f015f7-42af-481e-b4ad-d40eaf379132,0,2449421,,Jahmir Young,capHold,1642443,1642443,PG,16
20740547-bc1e-4f38-87a8-b4ed58500de8,0,2449421,,Dwyane Wade,capHold,2548,2548,"SG, PG",16
ca7ebb35-6f0a-45ff-8c2f-b266c3257b9e,0,2449421,,Keshad Johnson,capHold,1642352,1642352,SF,16
2a4747ba-95e0-4275-88cb-b3404334b623,0,2449421,,Udonis Haslem,capHold,2617,2617,"PF, C",16
052b9e37-60be-4115-bf6c-42f61277e995,2625627,2449421,,Simone Fontecchio,activeRoster,1631323,1631323,SF,16
bf1ccab0-166e-4a56-9ff2-b696ce5506eb,0,2449421,,Jordan Mickey,capHold,1626175,1626175,PF,16
c288ddb7-1493-4721-9cf1-2a36b748df7e,0,2449421,,Josh Christopher,capHold,1630528,1630528,SG,16
6074fee5-165d-49f4-aa58-7e81fd5449c6,2296271,2296271,,Pelle Larsson,activeRoster,1641796,1641796,SG,16
8e96a537-1798-493b-a828-c078886a4f9a,11,11,,Vladislav Goldin,capHold,1642884,1642884,C,16
0086b7e8-7bbe-456e-812d-19dcd36f2b13,33000000,33000000,,Tyler Herro,activeRoster,1629639,1629639,SG,17
094e11f2-a009-442e-b49f-dc8141d616fd,26584164,26584164,,Myles Turner,activeRoster,1626167,1626167,C,17
83b4eff5-5a63-42bb-9e8a-d3a0c1043dfc,0,22516603,,Damian Lillard,deadCap,203081,203081,PG,17
06fc5d7f-bd3d-42b4-8854-578721d27471,19431819,20490152,,Kyle Kuzma,activeRoster,1628398,1628398,"PF, SF",17
4a6b73a5-82db-46eb-8d27-997df946e9f0,0,20012646,,Ousmane Dieng,capHold,1631172,1631172,"C, PF",17
de80faaf-6817-4f56-b07e-fa1907d08a62,14809200,14809200,,Caris LeVert,activeRoster,1627747,1627747,"SG, SF",17
7777235b-b8d4-46c4-b697-aea0e0d7fa84,10044644,10044644,,AJ Green,activeRoster,1631260,1631260,SG,17
81404e09-b4e9-4557-b21f-aec67042b727,6417360,6417360,,Brayden Burries,activeRoster,1643415,1643415,SG,17
fec651d3-d265-4309-b727-2b24210ea067,5939141,5939141,,Jaime Jaquez Jr.,activeRoster,1631170,1631170,SF,17
d1645bf5-6c60-464c-854d-a3d902b0fbab,5502000,5502000,,Nate Ament,activeRoster,1643417,1643417,SF,17
b40a294a-31a4-43b0-a621-ca39e624a3c2,5390700,5390700,,Kevin Porter Jr.,activeRoster,1629645,1629645,"SG, PG, SF",17
7169ea74-145a-4916-82f7-08298ea294ad,4654920,4654920,,Kel'el Ware,activeRoster,1642276,1642276,C,17
cfbfc6f0-bfd7-4e6e-a419-1a589c198303,4000000,4000000,,Ryan Rollins,activeRoster,1631157,1631157,PG,17
7ba42e37-263f-441d-8ffd-806ad0e1c75c,3841680,3841680,,Kasparas Jakučionis,activeRoster,1642857,1642857,"SG, PG",17
a8ebe171-147b-4608-9a7c-52e2965e79da,2801346,2801346,,Jericho Sims,activeRoster,1630579,1630579,"C, PF",17
8c75e2b1-b5fc-4f27-85be-7731a5c47456,2537526,2537526,,Pete Nance,activeRoster,1631250,1631250,"PF, C",17
9c1c9318-19f3-49ee-a236-d99a1923770e,0,2449421,,Cameron Thomas,capHold,1630560,1630560,SG,17
71971904-4af6-41a0-9713-dc17b805c0a8,0,2449421,,Thanasis Antetokounmpo,capHold,203648,203648,"SF, PF",17
480bfff5-fcfe-4ffd-917c-4636b97194be,0,2449421,,Andre Jackson Jr.,capHold,1641748,1641748,SG,17
1d6fc2f1-31f6-4a9b-82e6-0a0ed256f677,0,2185116,,Alex Antetokounmpo,capHold,1630828,1630828,SF,17
5d5beb4f-b0aa-46d0-822a-2910483dd567,1357763,1357763,,Bogoljub Marković,activeRoster,1642881,1642881,PF,17
42a66047-d727-4e23-ba17-1e7b84f93616,0,666667,,Vasilije MiciÄ,deadCap,203995,203995,PG,17
3b302135-4d1b-4314-b022-7458b786037a,0,0,,Kam Jones,twoWay,1642880,1642880,SG,17
eefe8282-80ee-43c5-873a-386eed57b1c5,0,0,,Cormac Ryan,twoWay,1642504,1642504,SG,17
8764c7f7-bd85-4a03-af72-a87d31a8dbb5,48924624,48924624,,Anthony Edwards,activeRoster,1630162,1630162,SG,18
19acad88-235d-4087-b887-163e68591862,40770520,40770520,,LaMelo Ball,activeRoster,1630163,1630163,PG,18
dbc5b9ed-f86d-4578-abba-e25279ac134d,36500000,36500000,,Rudy Gobert,activeRoster,203497,203497,C,18
ba60028a-57e2-4f68-b172-cab909d03189,0,27909834,,Evan Turner,capHold,202323,202323,"SF, SG, PG",18
dad851a0-fbee-4e2d-a3ad-82e6f57b2e2f,26200000,26200000,,Jaden McDaniels,activeRoster,1630183,1630183,"PF, SF",18
4841605e-3df1-4034-9ba5-db2b4d67c7df,14679012,14679012,,Josh Green,activeRoster,1630182,1630182,SG,18
7e577831-9563-4fa3-829a-75f038631c0e,0,14285184,,Ayo Dosunmu,capHold,1630245,1630245,SG,18
358fe82e-8d40-44ec-8725-26abaab0cea3,12535000,12535000,,Donte DiVincenzo,activeRoster,1628978,1628978,SG,18
c86c5e48-8e7d-41e9-8ed5-515655d6fc21,4411200,4411200,,Joan Beringer,activeRoster,1642866,1642866,"PF, C",18
898e739b-4bc9-47d4-ae04-a9fe5df42694,3086420,3086420,,Jaylen Clark,activeRoster,1641740,1641740,SG,18
0a68a161-6ca3-42a9-8a91-d9931a4eae58,2845883,2845883,,Bones Hyland,activeRoster,1630538,1630538,"PG, SG",18
f8475a28-9053-48ea-9d89-1ef5cb533b3e,2801640,2801640,,Terrence Shannon Jr.,activeRoster,1630545,1630545,SG,18
5bdab00a-4e15-4366-8db7-84146acccbd6,0,2450000,,Julian Phillips,capHold,1641763,1641763,SF,18
911b439d-21c9-4f32-b763-474556fc9add,3876529,2449421,,Trey Lyles,activeRoster,1626168,1626168,PF,18
9f2382d5-11a5-4367-9fa0-a9b8ba8ff093,0,2449421,,Joe Ingles,capHold,204060,204060,"SF, PF",18
a6abddd3-a2cf-4499-9fd3-0e0ac1be60a8,0,2449421,,Austin Rivers,capHold,203085,203085,"SG, PG",18
33c0507e-3017-4b1a-aec7-a8fae3008df0,0,2449421,,Greg Monroe,capHold,202328,202328,"C, PF",18
198b9ba9-4bf6-44f1-a06f-2e169f1af058,0,2449421,,Aaron Brooks,capHold,201166,201166,PG,18
5ddaed18-6453-499f-9cbe-a9fdf2655c35,2185116,2185116,,Enrique Freeman,capHold,1642402,1642402,PF,18
3235aca2-0ab0-40d3-805d-5433492d0b4c,0,0,,Zyon Pullin,twoWay,1642389,1642389,SG,18
7c5a2245-a037-4ff5-976c-a2ca005c4538,0,0,,Rocco Zikarsky,twoWay,1642911,1642911,C,18
be83e560-5222-4c0c-9533-a680d158901f,42166510,42166510,,Zion Williamson,activeRoster,1629627,1629627,PF,19
d7f86856-92e2-42ff-92a3-4c9d68825604,34044642,34044642,,Jordan Poole,activeRoster,1629673,1629673,"SG, PG",19
300ac2f5-c839-4606-a520-01a8b333207e,28767536,32785071,,Dejounte Murray,activeRoster,1627749,1627749,"PG, SG",19
ba15fd63-8922-4499-bf2d-c369cc789dad,27000000,27000000,,Trey Murphy III,activeRoster,1630530,1630530,SF,19
9795b3a7-7176-4e3e-90f5-d8d3cdc9594d,14898786,14898786,,Herbert Jones,activeRoster,1630529,1630529,"SF, PF",19
6ceaebd4-2620-4888-b92d-f27121f4143f,7896240,7896240,,Jeremiah Fears,activeRoster,1642847,1642847,PG,19
5e6a475a-0f4c-4427-af11-960ed5e276ef,7021895,7021895,,Jordan Hawkins,activeRoster,1641722,1641722,SG,19
64263ef5-1bcc-46d0-8927-020667908ce3,6440678,6557080,,Saddiq Bey,activeRoster,1630180,1630180,SF,19
7c245eaf-2277-4dc5-8950-e6f04caf9e44,5416080,5416080,,Derik Queen,activeRoster,1642852,1642852,C,19
21cd31e2-7de6-4fff-af93-c4ef31e02a22,0,4642804,,Willy Hernangomez,capHold,1626195,1626195,C,19
5e85c8af-bf6d-45b4-b3cb-ee9f1c91802b,3876529,3876529,,DeAndre Jordan,activeRoster,201599,201599,C,19
c1490c4c-942e-47b0-9e35-ea3464066a79,3512760,3512760,,Yves Missi,activeRoster,1642274,1642274,C,19
0c56acae-6216-4620-9b69-5a2337f1b0c6,2584539,2584539,,Bryce McGowens,restOfSeason,1631121,1631121,SG,19
74d4fc13-d5f7-4db6-b1c2-6ed37ddd7a53,0,2449421,,Tony Snell,capHold,203503,203503,"SG, SF",19
816aabef-ced3-4c1d-964c-8c13b1a40867,0,2449421,,Elfrid Payton,capHold,203901,203901,PG,19
61b38797-bf14-4889-ba67-50449b05d8ed,0,2449421,,Brandon Boston Jr,capHold,1630527,1630527,"SG, SF",19
169c4d7c-88d5-4d02-a60a-deccc52e34d4,2296271,2296271,,Karlo Matković,activeRoster,1631255,1631255,PF,19
cb802c3c-c48d-48f9-9c97-3029619971ad,0,2185116,,Gary Clark,capHold,1629109,1629109,"PF, SF",19
e2b003cf-1d22-4df0-b615-9f0d1a770002,0,2185116,,Josh Oduro,capHold,1642490,1642490,PF,19
6c57acab-5b08-4261-b690-2c535bdeebe6,0,2185116,,Keion Brooks Jr.,capHold,1631232,1631232,SF,19
367ccc41-8bc9-459c-90c5-fca9e98914a0,0,2185116,,Jared Harper,capHold,1629607,1629607,PG,19
1538d596-49ae-41ed-b1e2-548c81576162,0,2185116,,James Nunnally,capHold,203263,203263,SF,19
14fd3c85-ba24-4988-a0af-f2470a0dfd22,2150917,2150917,,Micah Peavy,activeRoster,1642877,1642877,SG,19
6df1d8d6-e089-48a1-b5e6-1d78ff1b8069,0,0,,Hunter Dickinson,twoWay,1630621,1630621,C,19
bf9760e0-7bb7-4729-aa3f-8649780a5ff7,57078728,57078728,,Karl-Anthony Towns,activeRoster,1626157,1626157,"C, PF",20
83ceaa2e-132f-43bd-9f98-684952f7f42f,42500000,42500000,,OG Anunoby,activeRoster,1628384,1628384,"SF, PF",20
6db3736b-a078-4310-8127-f8d6ae105cc0,37739521,37739521,,Jalen Brunson,activeRoster,1628973,1628973,"PG, SG",20
86262727-ee18-434b-bc73-e5e418386659,33482145,33482145,,Mikal Bridges,activeRoster,1628969,1628969,"SF, SG",20
b253c4fd-8998-4d34-b03f-02686af1d011,20923760,20923760,,Josh Hart,activeRoster,1628404,1628404,"SF, SG",20
1a78773e-25ea-440c-b045-3b76b7ee2d08,5490967,5490967,,Landry Shamet,activeRoster,1629013,1629013,SG,20
f48c3e19-6afd-4be9-aeef-a4324daab427,4439656,4439656,,Jose Alvarado,activeRoster,1630631,1630631,PG,20
531f3173-def5-4e92-b8e2-f5c003fe192d,3956523,3956523,,Miles McBride,activeRoster,1630540,1630540,"PG, SG",20
a5d20625-4380-433c-b34d-a259ca990fbc,2983680,2983680,,Pacôme Dadiet,activeRoster,1642359,1642359,SG,20
e478f2f4-4278-4cb2-9834-a853e885e6ef,2622139,2622139,,Mohamed Diawara,activeRoster,1642885,1642885,SF,20
bb430027-112b-49f4-90a9-fef39afefe3e,3876529,2449421,,Andre Drummond,activeRoster,203083,203083,C,20
68bd660f-c644-47ed-bee2-adae4b9cc888,0,2449421,,Kevin McCullar Jr.,capHold,1641755,1641755,SF,20
c359ef62-3dad-4c75-a8bf-c0439805cbd0,3876529,2449421,,Jordan Clarkson,activeRoster,203903,203903,"SG, PG",20
976fc01a-18f0-4f66-9173-c2e271985e56,0,2449421,,P.J. Tucker,capHold,200782,200782,"SF, PF, SG",20
b3406d63-d76d-478a-b064-03e3a8fcae10,0,2449421,,Jeremy Sochan,capHold,1631110,1631110,PF,20
f3071c21-626f-4fc1-87cc-67e0c0d53c86,0,2449421,,Trey Jemison,capHold,1641998,1641998,C,20
5db812b8-96dd-4efc-98b7-6de5a90c001e,2296271,2296271,,Tyler Kolek,activeRoster,1642278,1642278,PG,20
dfd3167c-e0d3-4342-8097-ac0c9096aa6e,2185116,2185116,,Dillon Jones,capHold,1641794,1641794,SF,20
0f6c8814-6ceb-4e68-ae14-5f6fed0b36ba,41240250,41240250,,Jalen Williams,activeRoster,1631114,1631114,"SG, PF",21
fa7fe2c8-9aa7-4700-99d2-e11957cd1452,41240250,41240250,,Chet Holmgren,activeRoster,1631096,1631096,"C, PF",21
7b7b4674-44a6-40b2-af14-ff9dc95746aa,40806150,40806150,,Shai Gilgeous-Alexander,activeRoster,1628983,1628983,"PG, SG",21
0dfa16de-65aa-455a-8b68-e3fb324f543d,23148148,23148148,,Isaiah Hartenstein,activeRoster,1628392,1628392,"C, PF",21
74e28e4c-422e-4b71-b343-76e92a1b9837,19550160,19550160,,Alex Caruso,activeRoster,1627936,1627936,"PG, SG",21
b2ad4bae-7848-451a-bc6c-ded42c63535d,17722222,17722222,,Luguentz Dort,activeRoster,1629652,1629652,"SF, SG",21
76e94a82-1ba3-457f-b5b5-be5325395560,7774648,7774648,,Jaylin Williams,activeRoster,1631119,1631119,"PF, C",21
2323e44c-7ce6-4503-8d17-c90ca446ccca,7420806,7420806,,Cason Wallace,activeRoster,1641717,1641717,SG,21
52408427-8944-46b9-8e05-1f4e58b1be08,5791680,5791680,,Aday Mara,activeRoster,1643530,1643530,C,21
69674488-d2c5-43ec-a886-be001b7c7766,5429760,5429760,,Nikola Topić,activeRoster,1642260,1642260,PG,21
4cc22deb-9594-4b3d-a8c4-f6c546ebd733,5000000,5000000,,Kenrich Williams,activeRoster,1629026,1629026,"PF, SF",21
14420e9c-6082-416f-bf47-0e6c3e3e5be4,4887720,4887720,,Thomas Sorber,activeRoster,1642850,1642850,"C, PF",21
dcf13b4d-55c1-4887-92d0-10339623406b,4717320,4717320,,Bennett Stirtz,activeRoster,1642892,1642892,PG,21
1349052d-11b3-4bbe-9011-7f5f1ee55ce4,4422600,4422600,,Jared McCain,activeRoster,1642272,1642272,"SG, PG",21
15c82a21-de2e-4ec4-8555-7a3ce4691800,2850000,2850000,,Ajay Mitchell,activeRoster,1642349,1642349,SG,21
d42f0a4c-91ad-43b5-85a2-cffbbf992e84,0,2185116,,Alex Ducas,capHold,1642505,1642505,SG,21
8f177a52-4582-43f2-92b9-71ffc95f400b,0,0,,Brooks Barnhizer,twoWay,1642964,1642964,SG,21
4d2415b8-cf7a-4054-9101-1f721432c68f,41754690,41754690,,Franz Wagner,activeRoster,1630532,1630532,SF,22
83df07cb-f0a1-4712-bcaa-707015abca89,41240250,41240250,,Paolo Banchero,activeRoster,1631094,1631094,PF,22
1cac1076-08f0-4a1e-83f3-6b8a788f59d2,39446090,39446090,,Desmond Bane,activeRoster,1630217,1630217,SG,22
e3158e78-394b-4366-ad64-4163a0e059d7,32400000,32400000,,Jalen Suggs,activeRoster,1630591,1630591,"PG, SG",22
b4ba79d5-b82e-4d9f-b8df-2f93e4f46046,18102000,18102000,,Wendell Carter Jr.,activeRoster,1628976,1628976,"C, PF",22
8fbcdc50-5ba2-4678-9830-1f83c1ea42e8,10106316,10106316,,Anthony Black,activeRoster,1641710,1641710,PG,22
6c364103-4208-444f-bb5f-4be4baabbaf8,0,8000000,,Jonathan Isaac,deadCap,1628371,1628371,PF,22
d337e3b2-938d-4110-9429-8897d6d7c819,7608696,7608696,,Goga Bitadze,activeRoster,1629048,1629048,C,22
4b8f783d-edbb-4d95-b3c9-05ce2d72b37d,0,7337939,,Jett Howard,capHold,1641724,1641724,SF,22
574c1ad3-5ffa-4952-a3dd-e397d24a4952,3991200,3991200,,Tristan da Silva,activeRoster,1641783,1641783,SF,22
160c1ed1-a56f-406e-a616-95e5ccb7489e,3132360,3132360,,Jase Richardson,activeRoster,1642859,1642859,SG,22
cc71d7dd-dccd-497c-a9da-d95364ccf33d,2584539,2584539,,Jamal Cain,restOfSeason,1631288,1631288,"SF, PF",22
7645660b-350c-44ff-b3ad-d6be6fc07010,3506659,2449421,,Jevon Carter,activeRoster,1628975,1628975,PG,22
6a9fe4ae-84ef-479e-8fa2-0c9c068ccd82,0,2449421,,Cory Joseph,capHold,202709,202709,"PG, SG",22
42c9d114-f76e-477c-b9a6-f584115389f6,3524115,2449421,,Jonathan Isaac,activeRoster,1628371,1628371,PF,22
1873206f-b91e-4e41-853b-d139b2ec3dd8,3876529,2449421,,Nikola Vučević,activeRoster,202696,202696,C,22
64e50233-8f52-4498-954b-9962defab76e,0,2185116,,Trevelin Queen,capHold,1630243,1630243,SG,22
ab73c50f-2250-403c-9a5c-39cf4bedd7da,0,2185116,,Mac McClung,capHold,1630644,1630644,"SG, PG",22
f9c766de-6630-4108-b8a4-be3d03e5a032,2150917,2150917,,Noah Penda,activeRoster,1642869,1642869,SF,22
55123efd-1eb9-4ff5-968e-7b881e9eb800,0,0,,Alex Morales,twoWay,1631457,1631457,PG,22
01bd4270-5f44-43cc-bbd1-daca161e767a,0,0,,Colin Castleton,twoWay,1630658,1630658,"C, PF",22
f873789a-e5f0-49d4-af6d-1f3a2b762177,57985752,57985752,,Joel Embiid,activeRoster,203954,203954,C,23
d91d9e2f-f9d5-480a-9165-b1d33bf6bf4b,57078728,57736350,,Jaylen Brown,activeRoster,1627759,1627759,"SF, SG",23
10b337b5-ea9b-49bf-9450-2b8a1c94c7a1,40770520,40770520,,Tyrese Maxey,activeRoster,1630178,1630178,"PG, SG",23
cfa83881-2919-463e-827d-5cbabaf52655,11663880,11663880,,VJ Edgecombe,activeRoster,1642845,1642845,SG,23
4120e758-2f7e-4ad8-bfe7-d1e518740a45,9000000,9000000,,Dean Wade,activeRoster,1629731,1629731,PF,23
6e7f81d7-492b-4245-bd68-1df0f2c66cb5,6000000,6000000,,Anfernee Simons,activeRoster,1629014,1629014,SG,23
44857ced-4ad5-49b9-89a5-0af9de0564b2,3597120,3597120,,Labaron Philon,activeRoster,1642889,1642889,PG,23
369bb04e-96e8-4db8-bfa1-f7d82a61fc41,3415000,3415000,,Dominick Barlow,restOfSeason,1631230,1631230,"PF, SF",23
406a1c24-9dc0-487c-89d7-239cb7988da0,3400000,3400000,,Ariel Hukporti,activeRoster,1630574,1630574,C,23
63d67004-f936-418e-9470-27c332a4d603,2584539,2584539,,Dalen Terry,restOfSeason,1631207,1631207,SG,23
debfea8f-20b4-4ba6-b654-75de1b5ed6e1,2584539,2584539,,Jabari Walker,restOfSeason,1631133,1631133,PF,23
102ed388-d1eb-46f8-ae7e-1850e470abd3,0,2449421,,Tyrese Martin,capHold,1631213,1631213,SG,23
745c5c6c-f2ed-4638-a5af-d906ea6fc9f3,0,2449421,,MarJon Beauchamp,capHold,1630699,1630699,SF,23
a7fec3e9-4795-444c-a438-77d9e0da384d,0,2449421,,Trendon Watford,capHold,1630570,1630570,"PF, SF",23
aeb2c052-4ec9-4284-a668-0474e28732e7,0,2449421,,Lonnie Walker IV,capHold,1629022,1629022,SG,23
cc2af0de-02d6-4036-b3bd-c88e9467e3ef,0,2449421,,Kyle Lowry,capHold,200768,200768,PG,23
5fd08cfc-20ca-4852-a421-4156774a1785,2411090,2411090,,Justin Edwards,activeRoster,1642348,1642348,SF,23
905a91e0-648f-4d30-82c7-32e013a7649a,2296271,2296271,,Adem Bona,activeRoster,1641737,1641737,"C, PF",23
ebb9c137-d580-4d71-a333-82f2819abc7d,0,2185116,,Jalen Hood-Schifino,capHold,1641720,1641720,SG,23
e623402f-6c3e-4579-9c1e-568ea181315b,0,2185116,,Jeff Dowtin,capHold,1630288,1630288,PG,23
3024d1a6-45a1-4b88-8287-679bb1d4cc82,2150917,2150917,,Johni Broome,activeRoster,1641780,1641780,"C, PF",23
dfa48c06-9649-45d9-bedc-02b5e80e843b,0,0,,Rayan Rupert,twoWay,1641712,1641712,SG,23
b03276da-1c64-4d7f-82ca-c1c9b5029bed,0,0,,Caleb Love,twoWay,1631126,1631126,SG,23
f0b7c2fc-c0fc-415e-922e-14d4b04d723d,57078728,57078728,,Devin Booker,activeRoster,1626164,1626164,"SG, PG",24
09964200-a73d-4d30-9115-d9d304c68fc6,36000000,36251166,,Jalen Green,activeRoster,1630224,1630224,SG,24
14e62cd4-747a-4d00-856b-fe6dee2e8e09,22826087,22826087,,Miles Bridges,activeRoster,1628970,1628970,"SF, PF",24
7ce73a65-424f-4e3d-86a5-b1f652f84634,19992727,20992727,,Dillon Brooks,activeRoster,1628415,1628415,"SF, SG",24
c5392ac1-dd33-4949-a9e0-c84226f6a984,0,19383010,,Bradley Beal,deadCap,203078,203078,SG,24
2184dba2-c9dc-43cc-b0a0-0c846d902d47,11728395,11728395,,Mark Williams,activeRoster,1631109,1631109,C,24
ac553cb8-c5e9-4462-910f-816f89560717,10714286,10714286,,Collin Gillespie,activeRoster,1631221,1631221,PG,24
1c1a59f7-fa66-4532-8151-73161760a994,6368000,6368000,,Luke Kennard,activeRoster,1628379,1628379,SG,24
9d1a1b19-edd9-4a16-8618-a4c7aa89443d,6316680,6316680,,Khaman Maluach,activeRoster,1642863,1642863,C,24
66fa96d9-8be4-4214-beda-534859eb3553,5864198,5864198,,Jordan Goodwin,activeRoster,1630692,1630692,"PG, SG",24
edf908d5-996b-4262-9599-58e4555f728a,0,3107143,,Nassir Little,deadCap,1629642,1629642,"SF, PF",24
79a5848e-1073-42f2-999b-2ea5eb05311a,3018158,3018158,,Haywood Highsmith,restOfSeason,1629312,1629312,"SF, PF",24
893aa419-05cd-4cf7-8766-6a6ef5e1fea2,2926800,2926800,,Koa Peat,activeRoster,1643520,1643520,PF,24
8f105cae-e3e9-4b16-892b-49f7ac646b77,2784240,2784240,,Ryan Dunn,activeRoster,1642346,1642346,SF,24
88920b0c-2445-4176-a6c5-d016e75fc13a,2584539,2584539,,Jamaree Bouyea,restOfSeason,1631123,1631123,PG,24
fc9f1dfa-9631-4d16-b64a-f37cf3d5ee4d,0,2449421,,Thaddeus Young,capHold,201152,201152,PF,24
5d85819d-f779-461b-832b-8177ff2a3215,0,2449421,,Isaiah Livers,capHold,1630587,1630587,"PF, SF",24
8095783a-791b-49de-a269-41ce42af35d3,0,2449421,,Saben Lee,capHold,1630240,1630240,PG,24
9ace7e39-6032-4623-b6a0-8562574c2a02,0,2449421,,Damion Lee,capHold,1627814,1627814,SG,24
545d0e75-ba9d-4a4b-872e-a51a6d630749,0,2449421,,Terrence Ross,capHold,203082,203082,"SG, SF",24
3433afde-3e9d-4b19-8602-b8b7307779dd,0,2449421,,Bol Bol,capHold,1629626,1629626,PF,24
31f7c28f-8b73-471e-9c78-320bea1ff97f,0,2449421,,Amir Coffey,capHold,1629599,1629599,"SG, SF",24
e3058e98-de8f-45ca-9093-beca8ecf3759,0,2449421,,Isaiah Thomas,capHold,202738,202738,"PG, SG",24
e5cc8647-5a91-46a2-9880-9fe281f5e94a,2296271,2296271,,Oso Ighodaro,activeRoster,1642345,1642345,PF,24
148c7b52-d15f-41ea-88ad-7006b0f3c0fc,0,2185116,,Udoka Azubuike,capHold,1628962,1628962,C,24
659820cb-0bd8-4385-9860-6fee8c0d0c77,0,2185116,,Ishmail Wainright,capHold,1630688,1630688,"SF, PF",24
6e417242-50f5-41f4-8c86-f25922cfb1cd,0,2185116,,Gabriel Lundberg,capHold,1630994,1630994,SG,24
d3b340f7-54c7-4cd8-80be-acf2e7938cdb,2150917,2150917,,Rasheer Fleming,activeRoster,1642853,1642853,PF,24
659729cf-823a-494d-9f98-9489cf7d2472,0,706898,,E.J. Liddell,deadCap,1630604,1630604,PF,24
14591eea-14c9-448a-8d76-891434149f78,0,0,,Pat Spencer,twoWay,1630311,1630311,PG,24
6afbcf83-f7c0-41d3-87d0-997b8b687c22,0,0,,CJ Huntley,twoWay,1643047,1643047,SF,24
57e1aef1-d5ee-4530-b4db-2529f1c5e289,0,0,,Koby Brea,twoWay,1642886,1642886,SG,24
5a68abe1-d579-4ec8-a30f-b5277e122fb6,42166510,42166510,,Ja Morant,activeRoster,1629630,1629630,PG,25
73149823-72a6-4ee9-9883-972cda319e93,34800000,34800000,,Jrue Holiday,activeRoster,201950,201950,"PG, SG",25
dab18d7b-eb03-4114-ac1b-ad25bf560450,0,21945000,,Matisse Thybulle,capHold,1629680,1629680,"SG, SF",25
75cf8ebd-933c-4dc5-96e4-46058105420b,20089287,20089287,,Shaedon Sharpe,activeRoster,1631101,1631101,SG,25
66b8480e-ae87-43c9-bdb2-1b4d34a15062,18080358,18080358,,Toumani Camara,activeRoster,1641739,1641739,PF,25
f1b7c738-5680-41fb-981b-238d4b7db7dd,14000000,14000000,,Robert Williams III,activeRoster,1629057,1629057,C,25
257ed81c-67f9-4caf-a10e-1f034f045b8c,13585523,13585523,,Scoot Henderson,activeRoster,1630703,1630703,PG,25
a7b5557e-56c8-4e85-858f-5fdc072c0c4f,13398000,13398000,,Damian Lillard,activeRoster,203081,203081,PG,25
cddcac99-9169-46b7-a642-3bd322a241bb,13125000,13125000,,Deni Avdija,activeRoster,1630166,1630166,SF,25
3d8d60ab-d7f7-489b-b1f3-f894bae10794,7519920,7519920,,Donovan Clingan,activeRoster,1642270,1642270,C,25
fbf94685-a2ae-490e-b837-3e78eb2c6ec3,4643520,4643520,,Yang Hansen,activeRoster,1642905,1642905,C,25
3bd35a74-dd81-42df-a276-dd97f227887a,2801346,2801346,,Micah Potter,restOfSeason,1630695,1630695,"C, PF",25
f7247abc-ce03-40db-a86f-1c13b205bb36,2667944,2667944,,Vít Krejčí,activeRoster,1630249,1630249,"PG, SG",25
fb801212-c899-4be3-841a-85f94199daaa,2497812,2497812,,Sidy Cissoko,restOfSeason,1631321,1631321,SF,25
e4f63736-345d-4f8f-b744-63e524b3affd,2449421,2449421,,Branden Carlson,activeRoster,1642382,1642382,C,25
2d5f4200-c1fc-4851-a5e5-1d83c79a84c2,0,2449421,,Rondae Hollis-Jefferson,capHold,1626178,1626178,"SF, PF",25
4f76de0c-f1c5-456d-9404-9284f6cbde89,0,2449421,,Blake Wesley,capHold,1631104,1631104,SG,25
62b24bba-0567-406a-9d45-f7f7789aaa7a,0,2449421,,Ben McLemore,capHold,203463,203463,"SG, SF",25
78634162-1acc-445c-842c-da8a003c440f,0,2221677,,Rayan Rupert,deadCap,1641712,1641712,SG,25
c62fc2fc-6cab-4bd5-b2ce-c98aa5f5de85,0,2185116,,Ashton Hagans,capHold,1630204,1630204,PG,25
c6174977-5dbd-454b-ad98-d3cd5b04d323,0,2185116,,TJ Leaf,capHold,1628388,1628388,PF,25
047e6b6d-ac3d-402d-a670-cbbed6ae43f5,2185116,2185116,,Keljin Blevins,capHold,1629833,1629833,SF,25
e5b6df6c-435d-4e67-87a7-504249ba24f1,0,268032,,Didi Louzada,deadCap,1629712,1629712,"SF, SG",25
be37fc38-f9e1-4dcc-afed-ca21a377ac42,0,0,,Chris Youngblood,twoWay,1642959,1642959,SG,25
2cffefca-22e0-4ccc-9002-0af779149ac4,48967380,48967380,,Zach LaVine,activeRoster,203897,203897,"SG, SF, PG",26
426b74c9-de6e-49b4-aeb3-33d6dd98605e,45472000,45472000,,Domantas Sabonis,activeRoster,1627734,1627734,"C, PF",26
b6aa3d2a-3d09-4453-98b2-ad140bf5f6bd,24910714,24910714,,De'Andre Hunter,activeRoster,1629631,1629631,SF,26
a18d9b7e-0d7f-4f4b-a757-b9c6814fee4d,24137936,24137936,,Keegan Murray,activeRoster,1631099,1631099,"PF, SF",26
8b402858-37f4-47eb-9278-0695464eef82,20190035,20190035,,Malik Monk,activeRoster,1628370,1628370,SG,26
551f3ffc-ea78-440d-89ae-4d38dfe0a5ff,0,10000000,,DeMar DeRozan,deadCap,201942,201942,"SG, SF, PF",26
1193fe21-2be6-4f08-8e5b-67a04d0e17a4,8021640,8021640,,Darius Acuff Jr.,activeRoster,1643411,1643411,PG,26
163385ee-7ea5-4928-ab35-4b2bdd406ca7,5477000,5477000,,Precious Achiuwa,activeRoster,1630173,1630173,"C, PF",26
b352616e-d070-4736-b9d3-9420f23eb0bf,3263400,3263400,,Nique Clifford,activeRoster,1642363,1642363,SG,26
26ac25db-81d9-46eb-a5f7-91f9d6d505ee,2948280,2948280,,Alex Karaban,activeRoster,1642284,1642284,SF,26
e5279857-df21-48a6-aeeb-58c777ca6275,0,2449421,,Doug McDermott,capHold,203926,203926,"SF, PF",26
548538ac-6fa8-41e7-b6e1-2ea2bca1846e,0,2449421,,Markelle Fultz,capHold,1628365,1628365,"PG, SG",26
67cdf9ec-7999-4074-b316-7b78fc090556,0,2449421,,JaVale McGee,capHold,201580,201580,C,26
729970ae-fef8-4e43-84fa-31d34be1cdcb,0,2449421,,Drew Eubanks,capHold,1629234,1629234,"C, PF",26
914963a4-774e-42fd-a94f-1d5ed935f527,0,2449421,,Killian Hayes,capHold,1630165,1630165,PG,26
d51a3019-4513-4c89-8121-66d9e9ac900a,0,2449421,,Jae Crowder,capHold,203109,203109,"SF, PF",26
4b7f028c-354b-485e-8654-93f11bf14ab5,2185116,2185116,,Daeqwon Plowden,capHold,1631342,1631342,SG,26
43fecfa6-4e54-447f-8a7a-d1ca09931ab9,2185116,2185116,,Isaiah Stevens,capHold,1641815,1641815,PG,26
b42e2969-d01b-49b5-85d2-42eab7a0eb7d,2185116,2185116,,Patrick Baldwin Jr.,capHold,1631116,1631116,SF,26
58f4bf2a-aca7-4f9b-a3f0-4f8127dd2db6,0,2185116,,Jordan Ford,capHold,1630259,1630259,PG,26
1b78f5ed-3d54-46b3-8857-f60b88f7c8c9,0,2185116,,Mason Jones,capHold,1630222,1630222,SG,26
6dcfdda4-32ac-4256-8ead-fdbe42c73425,2150918,2150918,,Maxime Raynaud,activeRoster,1642875,1642875,"C, PF",26
e96fd593-be58-47aa-bd27-73293f291b3b,2150917,2150917,,Dylan Cardwell,restOfSeason,1642928,1642928,C,26
dec92323-fa55-4f36-ab0e-01a14a31a412,0,0,,Adam Flagler,twoWay,1641745,1641745,SG,26
fef6ad52-896c-4a7c-82f7-9f7713dd3fe5,0,0,,Jonathan Mogbo,twoWay,1642367,1642367,PF,26
14e76704-3a6d-4d77-8b6d-93b0627bf889,49488300,49488300,,De'Aaron Fox,activeRoster,1628368,1628368,PG,27
1690f1bc-176b-4ca5-ae35-36b92bf0efb5,27000000,27500000,,Devin Vassell,activeRoster,1630170,1630170,"SG, SF",27
a842d6cd-08c5-405f-9d7f-133d181c4551,0,25545732,,Kelly Olynyk,capHold,203482,203482,"C, PF",27
3ba2e41d-8c3c-4930-b493-1d35b0117844,17500000,18000000,,Keldon Johnson,activeRoster,1629640,1629640,SF,27
10ec35ff-3e6b-4bae-b46d-fef47aa0dd4f,16868246,16868246,,Victor Wembanyama,activeRoster,1641705,1641705,"C, PF",27
8dd777b2-0721-42d0-a3fe-52d306e10f51,15350000,15350000,,Julian Champagnie,activeRoster,1630577,1630577,SF,27
4dde36f1-68ab-447c-8f47-4692f5820619,15044000,15044000,,Tobias Harris,activeRoster,202699,202699,"PF, SF",27
cd4ab7fb-3686-410c-a011-345f1b6cec20,12989040,12989040,,Dylan Harper,activeRoster,1642844,1642844,SG,27
d202fcb7-cc37-4e32-b85b-dd1b49cf0671,10450000,10450000,,Luke Kornet,activeRoster,1628436,1628436,C,27
fd2f2264-f184-4ee7-aed3-f52a6b20efef,10015920,10015920,,Stephon Castle,activeRoster,1642264,1642264,"PG, SG",27
5bbe6da7-2de3-4f74-a6c1-82ace8e4d852,8000000,8000000,,Harrison Barnes,activeRoster,203084,203084,"PF, SF",27
e5a441b6-3ef9-420f-b446-316cedcf4de9,5145360,5145360,,Carter Bryant,activeRoster,1642868,1642868,PF,27
f361554b-8ae2-4b36-929c-ef81ec2229e7,3902760,3902760,,Jayden Quaintance,activeRoster,1643519,1643519,PF,27
ce3b64f7-6f04-455b-bbdf-19f9cde1f522,3076920,3076920,,Tarris Reed Jr.,activeRoster,1643542,1643542,C,27
2917b573-2127-4551-85d4-c7fed71827d4,0,2449421,,Bismack Biyombo,capHold,202687,202687,C,27
58fd6869-94dc-421a-8cfd-b91b3cc14867,0,2449421,,Mason Plumlee,capHold,203486,203486,C,27
517fe44b-c826-485d-9425-4649b30a6eb0,0,2449421,,Lindy Waters III,capHold,1630322,1630322,SG,27
7da3a930-9933-40c0-9db4-c0d113e2d790,3286399,2449421,,Jordan McLaughlin,activeRoster,1629162,1629162,PG,27
727c37b7-0e5e-428f-9924-9b73dafd7bc0,2185116,2185116,,Harrison Ingram,capHold,1631127,1631127,SF,27
d2d9f679-da9e-4f79-84d8-293e9e794246,0,0,,Emanuel Miller,twoWay,1641801,1641801,PF,27
faaacf32-5c6d-4c63-bf88-b32788e8adfb,41754690,41754690,,Scottie Barnes,activeRoster,1630567,1630567,"PF, SG, SF",28
e05ff434-89ac-4c94-bb6b-a12614d7ae18,40000000,40000000,,Brandon Ingram,activeRoster,1627742,1627742,"SF, PF",28
8ea63149-0c03-42d7-92bd-acdcca7b1444,32500000,32500000,,Immanuel Quickley,activeRoster,1630193,1630193,"PG, SG",28
4eef5521-3352-4fc6-915e-eab940e13181,29616071,29616071,,RJ Barrett,activeRoster,1629628,1629628,"SG, SF",28
6e70bcc5-af4d-42aa-bd7d-fbd77dc17eb3,19500000,19500000,,Jakob Poeltl,activeRoster,1627751,1627751,C,28
1dfde531-879f-42f6-a90f-0df183221fbe,7131511,7131511,,Gradey Dick,activeRoster,1641711,1641711,SG,28
98fe7a57-6471-417f-abe8-683c86c79813,6649560,6649560,,Collin Murray-Boyles,activeRoster,1642867,1642867,PF,28
746d8995-b7ec-4ec6-8003-d3ed51afc759,0,5700000,,Jordan Nwora,capHold,1629670,1629670,SF,28
a4715451-dc29-4f3a-8978-b705a65e69c8,4065720,4065720,,Allen Graves,activeRoster,1643512,1643512,PF,28
2c9de6e5-183d-4952-972f-83cffdd38666,3811800,3811800,,Ja'Kobe Walter,activeRoster,1642266,1642266,SG,28
9c5daa96-61e3-478b-85ae-e79021ff25b0,0,2449421,,Will Barton,capHold,203115,203115,"SG, SF",28
549b078f-e320-4ddd-8ba3-60399fa47fbd,0,2449421,,Garrett Temple,capHold,202066,202066,"SG, SF, PG",28
d5bd420e-6112-4cae-9a75-d95891dcd88f,3876529,2449421,,Kyle Anderson,activeRoster,203937,203937,"SF, PF",28
43417305-1b05-40ec-a3fa-4ad4125d8102,0,2449421,,A.J. Lawson,capHold,1630639,1630639,SG,28
cb1e27de-eba0-44ac-9028-9c64c3bae3a3,2406205,2406205,,Trayce Jackson-Davis,activeRoster,1631218,1631218,"C, PF",28
a1c22cab-dd87-4341-8d21-85757cffbf7c,2296271,2296271,,Jamal Shead,activeRoster,1642347,1642347,PG,28
8ca041d0-c4c0-49f2-a4c7-7798e52cd8b6,2296271,2296271,,Jamison Battle,restOfSeason,1642419,1642419,SF,28
befba63d-5ced-4660-b203-4863a57e3266,2185116,2185116,,Alijah Martin,activeRoster,1642918,1642918,SG,28
bae38670-acb9-4c71-9316-53313cd3088b,0,0,,Chucky Hepburn,twoWay,1642935,1642935,PG,28
7a34c1e0-ffe2-4fe9-a1c4-3108c0539bd5,49000000,49000000,,Jaren Jackson Jr.,activeRoster,1628991,1628991,"C, PF",29
14e5e0aa-ac9f-4596-80c6-02976f39920d,46113154,46113154,,Lauri Markkanen,activeRoster,1628374,1628374,"PF, SF",29
7d2d36bf-6fc9-40c7-a763-36a233d567f7,13195320,13195320,,Darryn Peterson,activeRoster,1643408,1643408,SG,29
bf3df106-00a4-4d7b-9078-de95e47d07b5,11458333,11458333,,Jusuf Nurkić,activeRoster,203994,203994,C,29
e68290f5-1853-49fe-8cd7-e7b88a88b2ea,9523080,9523080,,Ace Bailey,activeRoster,1642846,1642846,SF,29
2115be01-9524-40e1-ab48-92ecb9a031f1,0,7885000,,Kevin Love,capHold,201567,201567,"PF, C",29
3dde3f36-ce0c-4cdd-a2aa-1f212220409d,6563925,6563925,,Keyonte George,activeRoster,1641718,1641718,"PG, SG",29
1ea6008f-7e1e-495f-b51a-593f5c63e504,6165000,6165000,,John Konchar,activeRoster,1629723,1629723,"SG, SF",29
ca2c6638-3224-4ba0-b96a-18ea0e20889f,6015600,6015600,,Cody Williams,activeRoster,1642262,1642262,SG,29
c3a7c397-5b51-415e-b7ef-1d4a5360648c,6000000,6000000,,Jaxson Hayes,activeRoster,1629637,1629637,C,29
4193c098-031f-469e-8611-7c169a301f96,6000000,6000000,,Josh Okogie,activeRoster,1629006,1629006,SG,29
cc32ac32-9a2d-4d7d-b10d-f647174c3340,4862237,4862237,,Brice Sensabaugh,activeRoster,1641729,1641729,SF,29
77526986-e6fc-4035-af3d-06bbaf767333,3850000,3850000,,Svi Mykhailiuk,activeRoster,1629004,1629004,SF,29
31a61aea-40cc-488a-af03-4c60c081b67d,3506659,3506659,,Mo Bamba,activeRoster,1628964,1628964,C,29
da3a5253-9e69-4509-8afa-fe3b6125aa24,3000000,3000000,,Kyle Filipowski,activeRoster,1642271,1642271,C,29
2b54645e-d7ae-4fa0-943e-fa275f5caabe,2763960,2763960,,Isaiah Collier,activeRoster,1642268,1642268,PG,29
fb1fce02-7faf-46f7-88c6-6dea4c44c934,0,2449421,,Elijah Harkless,capHold,1641989,1641989,SG,29
49e2a549-880a-4455-978b-0902254ed5fe,0,2449421,,Oscar Tshiebwe,capHold,1631131,1631131,"C, PF",29
732e0caf-c8e0-474c-bdf1-92b864f2f941,0,2185116,,Bez Mbeng,capHold,1643016,1643016,SG,29
46a0cf0d-2839-4929-ad3c-09d5583e01ff,0,2185116,,Hayden Gray,capHold,1643060,1643060,SG,29
aaa5778e-13ea-40a0-abe8-e275ce2237c8,0,0,,Trey Alexander,twoWay,1641725,1641725,SG,29
34cd36ad-8e14-48db-9e3d-fb9e3d36255f,0,0,,Blake Hinson,twoWay,1642396,1642396,SF,29
25c906e3-8548-4732-89f5-8306b2217fe9,0,0,,Tamar Bates,twoWay,1642926,1642926,SG,29
ebdacb0e-c3ab-4380-b83c-095b3d2d6f8a,58456566,58456566,,Anthony Davis,activeRoster,203076,203076,"PF, C",30
bc1706d8-e6e4-43cb-b5e8-4b85886f7ba7,49488300,49488300,,Trae Young,activeRoster,1629027,1629027,PG,30
4da87f0a-53cb-4be3-add2-d4e47ad3b986,0,23175077,,Ian Mahinmi,capHold,101133,101133,C,30
e1a99524-9a3c-4230-8198-1ce02f31724a,14748000,14748000,,AJ Dybantsa,activeRoster,1643407,1643407,SF,30
7a5977e6-62c5-410b-bc7b-e0b32ec00cc4,12370680,12370680,,Alex Sarr,activeRoster,1642259,1642259,"C, PF",30
0f723f7c-44d8-4728-a425-4b38e5572303,9240012,9240012,,Bilal Coulibaly,activeRoster,1641731,1641731,"SF, SG",30
3e1a631b-ac7c-4706-8dca-ce6c90ba4b3f,8649600,8649600,,Tre Johnson,activeRoster,1642848,1642848,SG,30
d2b6c17e-e895-48b7-8958-6f65fafaf3a1,8104000,8104000,,Deandre Ayton,activeRoster,1629028,1629028,C,30
9c9262c6-ffc0-42a0-8d65-33e19efc5da7,0,6825000,,Kendrick Nunn,capHold,1629134,1629134,"SG, PG",30
455b06ed-ee77-458d-8841-3a2f579d38d4,5591122,5591122,,Khris Middleton,activeRoster,203114,203114,"SF, SG",30
6146df9f-ccc2-4cc1-9ebf-4913173a1c5c,5458310,5458310,,Cam Whitmore,activeRoster,1641715,1641715,SF,30
fb6d4553-e76a-43a3-86bb-95c277c9a673,4900560,4900560,,Bub Carrington,activeRoster,1642267,1642267,PG,30
a8b8c025-7921-4784-a463-5972f81865d4,3688320,3688320,,Will Riley,activeRoster,1642860,1642860,SF,30
05af4ec9-3408-4132-943a-67a1182e68a0,3108000,3108000,,Kyshawn George,activeRoster,1642273,1642273,"SG, SF",30
e96cd861-915f-41f9-a0d6-486d9a214450,3000000,3000000,,Tristan Vukcevic,restOfSeason,1641774,1641774,C,30
8d4d1f41-0431-4b22-8c72-69584bc1e204,2667944,2667944,,Justin Champagnie,restOfSeason,1630551,1630551,SF,30
bc8a7600-f253-4511-909f-1a9836c21f8c,0,2449421,,Tomas Satoransky,capHold,203107,203107,"SG, PG, SF",30
6a37e005-9e9f-4ff2-9c55-5b561643a302,0,2449421,,Anthony Gill,capHold,1630264,1630264,PF,30
cf29b659-9b0f-44c5-9d3e-4537452698a2,0,2449421,,Ty Lawson,capHold,201951,201951,PG,30
a6756b2b-6b29-4db5-b488-6d717ba068bb,0,2449421,,Ramon Sessions,capHold,201196,201196,"PG, SG",30
b7fc29e4-b015-4d08-b47c-765441745a5a,0,2449421,,Shabazz Napier,capHold,203894,203894,PG,30
71ae66e4-35de-4796-af37-130e4ccddd29,0,2449421,,Sharife Cooper,capHold,1630536,1630536,PG,30
8eef2cc9-2666-4aad-903a-087bc4b80c53,2385633,2385633,,Jamir Watkins,capHold,1642364,1642364,SG,30
400b9a61-e5b6-4f8d-ac5a-169c6422b2d3,0,2185116,,Johnathan Williams,capHold,1629140,1629140,"PF, C",30
2e68eb24-6381-4b76-a961-a7385b811863,0,2185116,,JT Thor,capHold,1630550,1630550,PF,30
f80dd398-497b-4c5a-9ee8-74974cff03f0,0,2185116,,Cassius Winston,capHold,1630216,1630216,PG,30
